seed,prop,model,target,n_target,method,coverage,coverage_finite,width_sd,frac_inf,auc,ess_c1,ess_c1c,n_cal_source
42,clay.tot,plsr,KSSL.SSL,50007,C0,0.6054279540634628,0.6054279540634628,2.3802580878677984,0.0,0.9665695945869759,187.31890869140625,360.77484130859375,1284
42,clay.tot,plsr,KSSL.SSL,50007,C0w,0.7548897603137129,0.7548897603137129,2.9453949833720774,0.0,0.9665695945869759,187.31890869140625,360.77484130859375,1284
42,clay.tot,plsr,KSSL.SSL,50007,C1,0.7548097315033412,0.7548097315033412,2.9453949833720774,0.0,0.9665695945869759,187.31890869140625,360.77484130859375,1284
42,clay.tot,plsr,KSSL.SSL,50007,C1c,0.7005762074346765,0.7005762074346765,2.7179788304962393,0.0,0.9665695945869759,187.31890869140625,360.77484130859375,1284
42,clay.tot,plsr,KSSL.SSL,50007,C2,0.9330619022848226,0.9330619022848226,4.801032499590091,0.0,0.9665695945869759,187.31890869140625,360.77484130859375,1284
42,clay.tot,plsr,KSSL.SSL,50007,C3n,0.9242487295426353,0.9242487295426353,3.79395897124692,0.0,0.9665695945869759,187.31890869140625,360.77484130859375,1284
42,clay.tot,hgb,KSSL.SSL,50007,C0,0.7559781521347686,0.7559781521347686,2.2525954634700445,0.0,0.9665695945869759,187.31890869140625,360.77484130859375,1284
42,clay.tot,hgb,KSSL.SSL,50007,C0w,0.8550038013684926,0.8550038013684926,2.8102827339169867,0.0,0.9665695945869759,187.31890869140625,360.77484130859375,1284
42,clay.tot,hgb,KSSL.SSL,50007,C1,0.8548437437477491,0.8548437437477491,2.8102827339169867,0.0,0.9665695945869759,187.31890869140625,360.77484130859375,1284
42,clay.tot,hgb,KSSL.SSL,50007,C1c,0.8163198751550558,0.8163198751550558,2.571795415149087,0.0,0.9665695945869759,187.31890869140625,360.77484130859375,1284
42,clay.tot,hgb,KSSL.SSL,50007,C2,0.91817654355568,0.91817654355568,3.581771750969744,0.0,0.9665695945869759,187.31890869140625,360.77484130859375,1284
42,clay.tot,hgb,KSSL.SSL,50007,C3n,0.8998539474210716,0.8998539474210716,3.038618075575066,0.0,0.9665695945869759,187.31890869140625,360.77484130859375,1284
42,clay.tot,plsr,ICRAF.ISRIC,3738,C0,0.365903582009157,0.365903582009157,0.8743112483737152,0.0,0.9848998797797792,85.84718322753906,290.6990966796875,10538
42,clay.tot,plsr,ICRAF.ISRIC,3738,C0w,0.8821438190142743,0.8821438190142743,2.1335675037138535,0.0,0.9848998797797792,85.84718322753906,290.6990966796875,10538
42,clay.tot,plsr,ICRAF.ISRIC,3738,C1,0.8881228117425263,0.8881228117425263,2.1335675037138535,0.0,0.9848998797797792,85.84718322753906,290.6990966796875,10538
42,clay.tot,plsr,ICRAF.ISRIC,3738,C1c,0.7788580662537032,0.7788580662537032,1.7372700988605914,0.0,0.9848998797797792,85.84718322753906,290.6990966796875,10538
42,clay.tot,plsr,ICRAF.ISRIC,3738,C2,0.9105305682736333,0.9105305682736333,2.4088906958629286,0.0,0.9848998797797792,85.84718322753906,290.6990966796875,10538
42,clay.tot,plsr,ICRAF.ISRIC,3738,C3n,0.9307029356315647,0.9307029356315647,2.333751673697588,0.0,0.9848998797797792,85.84718322753906,290.6990966796875,10538
42,clay.tot,hgb,ICRAF.ISRIC,3738,C0,0.3885537301373553,0.3885537301373553,0.7991226922589298,0.0,0.9848998797797792,85.84718322753906,290.6990966796875,10538
42,clay.tot,hgb,ICRAF.ISRIC,3738,C0w,0.7497441422030703,0.7497441422030703,1.5817839821896418,0.0,0.9848998797797792,85.84718322753906,290.6990966796875,10538
42,clay.tot,hgb,ICRAF.ISRIC,3738,C1,0.745219499057366,0.745219499057366,1.5817839821896418,0.0,0.9848998797797792,85.84718322753906,290.6990966796875,10538
42,clay.tot,hgb,ICRAF.ISRIC,3738,C1c,0.7001885267977377,0.7001885267977377,1.4588814755748005,0.0,0.9848998797797792,85.84718322753906,290.6990966796875,10538
42,clay.tot,hgb,ICRAF.ISRIC,3738,C2,0.9341502827901966,0.9341502827901966,2.5553204025446465,0.0,0.9848998797797792,85.84718322753906,290.6990966796875,10538
42,clay.tot,hgb,ICRAF.ISRIC,3738,C3n,0.9334769727982763,0.9334769727982763,2.2967173049495777,0.0,0.9848998797797792,85.84718322753906,290.6990966796875,10538
42,clay.tot,plsr,AFSIS1.SSL,1896,C0,0.33971138428647785,0.33971138428647785,0.8276825907950972,0.0,0.9566600392614757,88.89151763916016,325.57489013671875,10906
42,clay.tot,plsr,AFSIS1.SSL,1896,C0w,0.5972741849278462,0.5972741849278462,1.4726837736211635,0.0,0.9566600392614757,88.89151763916016,325.57489013671875,10906
42,clay.tot,plsr,AFSIS1.SSL,1896,C1,0.5993586317477284,0.5993586317477284,1.4726837736211635,0.0,0.9566600392614757,88.89151763916016,325.57489013671875,10906
42,clay.tot,plsr,AFSIS1.SSL,1896,C1c,0.5188669160876537,0.5188669160876537,1.259726768732929,0.0,0.9566600392614757,88.89151763916016,325.57489013671875,10906
42,clay.tot,plsr,AFSIS1.SSL,1896,C2,0.9152324959914484,0.9152324959914484,2.7711047125509163,0.0,0.9566600392614757,88.89151763916016,325.57489013671875,10906
42,clay.tot,plsr,AFSIS1.SSL,1896,C3n,0.9017103153393908,0.9017103153393908,2.1723006531082154,0.0,0.9566600392614757,88.89151763916016,325.57489013671875,10906
42,clay.tot,hgb,AFSIS1.SSL,1896,C0,0.2869588455371459,0.2869588455371459,0.751465608556726,0.0,0.9566600392614757,88.89151763916016,325.57489013671875,10906
42,clay.tot,hgb,AFSIS1.SSL,1896,C0w,0.4374665954035275,0.4374665954035275,1.1042941591503206,0.0,0.9566600392614757,88.89151763916016,325.57489013671875,10906
42,clay.tot,hgb,AFSIS1.SSL,1896,C1,0.4501870657402459,0.4501870657402459,1.1042941591503206,0.0,0.9566600392614757,88.89151763916016,325.57489013671875,10906
42,clay.tot,hgb,AFSIS1.SSL,1896,C1c,0.41838588989845,0.41838588989845,1.051410272145428,0.0,0.9566600392614757,88.89151763916016,325.57489013671875,10906
42,clay.tot,hgb,AFSIS1.SSL,1896,C2,0.937840726884019,0.937840726884019,3.093518810771655,0.0,0.9566600392614757,88.89151763916016,325.57489013671875,10906
42,clay.tot,hgb,AFSIS1.SSL,1896,C3n,0.9002137894174236,0.9002137894174236,2.5367801064344526,0.0,0.9566600392614757,88.89151763916016,325.57489013671875,10906
42,clay.tot,plsr,CAF.SSL,511,C0,0.5160493827160495,0.5160493827160495,1.0241089563861305,0.0,0.9938122461179106,17.724180221557617,265.5679931640625,11183
42,clay.tot,plsr,CAF.SSL,511,C0w,0.6956790123456791,0.6956790123456791,1.6679018962462568,0.0,0.9938122461179106,17.724180221557617,265.5679931640625,11183
42,clay.tot,plsr,CAF.SSL,511,C1,0.7386831275720165,0.6883434956961112,1.6679018962462568,0.16152263374485595,0.9938122461179106,17.724180221557617,265.5679931640625,11183
42,clay.tot,plsr,CAF.SSL,511,C1c,0.6380658436213992,0.6380658436213992,1.3471154120619928,0.0,0.9938122461179106,17.724180221557617,265.5679931640625,11183
42,clay.tot,plsr,CAF.SSL,511,C2,0.9104938271604939,0.9104938271604939,3.0605773817011666,0.0,0.9938122461179106,17.724180221557617,265.5679931640625,11183
42,clay.tot,plsr,CAF.SSL,511,C3n,0.8835390946502057,0.8835390946502057,3.0727101718657748,0.0,0.9938122461179106,17.724180221557617,265.5679931640625,11183
42,clay.tot,hgb,CAF.SSL,511,C0,0.4541152263374485,0.4541152263374485,0.8883313048589146,0.0,0.9938122461179106,17.724180221557617,265.5679931640625,11183
42,clay.tot,hgb,CAF.SSL,511,C0w,0.5670781893004115,0.5670781893004115,1.1610855554072248,0.0,0.9938122461179106,17.724180221557617,265.5679931640625,11183
42,clay.tot,hgb,CAF.SSL,511,C1,0.6479423868312757,0.5789897833092212,1.1610855554072248,0.16378600823045267,0.9938122461179106,17.724180221557617,265.5679931640625,11183
42,clay.tot,hgb,CAF.SSL,511,C1c,0.573045267489712,0.573045267489712,1.1610855554072248,0.0,0.9938122461179106,17.724180221557617,265.5679931640625,11183
42,clay.tot,hgb,CAF.SSL,511,C2,0.9372427983539093,0.9372427983539093,3.0165829161007434,0.0,0.9938122461179106,17.724180221557617,265.5679931640625,11183
42,clay.tot,hgb,CAF.SSL,511,C3n,0.9413580246913581,0.9413580246913581,3.154435211549469,0.0,0.9938122461179106,17.724180221557617,265.5679931640625,11183
42,clay.tot,plsr,GARRETT.SSL,142,C0,0.2897435897435897,0.2897435897435897,0.8054783751861636,0.0,0.9802245113212811,293.22802734375,2426.551025390625,11257
42,clay.tot,plsr,GARRETT.SSL,142,C0w,0.3179487179487179,0.3179487179487179,0.9010909338153017,0.0,0.9802245113212811,293.22802734375,2426.551025390625,11257
42,clay.tot,plsr,GARRETT.SSL,142,C1,0.3401709401709402,0.3234172387490465,0.9010909338153017,0.024786324786324785,0.9802245113212811,293.22802734375,2426.551025390625,11257
42,clay.tot,plsr,GARRETT.SSL,142,C1c,0.3051282051282051,0.3051282051282051,0.8316308509306362,0.0,0.9802245113212811,293.22802734375,2426.551025390625,11257
42,clay.tot,plsr,GARRETT.SSL,142,C2,0.9367521367521368,0.9367521367521368,6.707923259841489,0.0,0.9802245113212811,293.22802734375,2426.551025390625,11257
42,clay.tot,plsr,GARRETT.SSL,142,C3n,0.9222222222222222,0.9222222222222222,3.9719471091026106,0.0,0.9802245113212811,293.22802734375,2426.551025390625,11257
42,clay.tot,hgb,GARRETT.SSL,142,C0,0.29401709401709397,0.29401709401709397,0.7126613432121905,0.0,0.9802245113212811,293.22802734375,2426.551025390625,11257
42,clay.tot,hgb,GARRETT.SSL,142,C0w,0.3367521367521368,0.3367521367521368,0.916620004106312,0.0,0.9802245113212811,293.22802734375,2426.551025390625,11257
42,clay.tot,hgb,GARRETT.SSL,142,C1,0.35128205128205126,0.33830163865435703,0.916620004106312,0.019658119658119658,0.9802245113212811,293.22802734375,2426.551025390625,11257
42,clay.tot,hgb,GARRETT.SSL,142,C1c,0.3085470085470085,0.3085470085470085,0.7958530942919168,0.0,0.9802245113212811,293.22802734375,2426.551025390625,11257
42,clay.tot,hgb,GARRETT.SSL,142,C2,0.9247863247863248,0.9247863247863248,6.73475127421928,0.0,0.9802245113212811,293.22802734375,2426.551025390625,11257
42,clay.tot,hgb,GARRETT.SSL,142,C3n,0.9273504273504274,0.9273504273504274,5.181634979105622,0.0,0.9802245113212811,293.22802734375,2426.551025390625,11257
42,clay.tot,plsr,SERBIA.SSL,135,C0,0.7345454545454545,0.7345454545454545,1.573301876840145,0.0,0.999582190113368,1849.29296875,9403.3671875,11258
42,clay.tot,plsr,SERBIA.SSL,135,C0w,0.8272727272727274,0.8272727272727274,2.0867099603797636,0.0,0.999582190113368,1849.29296875,9403.3671875,11258
42,clay.tot,plsr,SERBIA.SSL,135,C1,0.9672727272727274,0.8861885851603594,2.0867099603797636,0.7109090909090909,0.999582190113368,1849.29296875,9403.3671875,11258
42,clay.tot,plsr,SERBIA.SSL,135,C1c,0.7872727272727272,0.7872727272727272,1.9090822968553005,0.0,0.999582190113368,1849.29296875,9403.3671875,11258
42,clay.tot,plsr,SERBIA.SSL,135,C2,0.8881818181818181,0.8881818181818181,2.6035732172458665,0.0,0.999582190113368,1849.29296875,9403.3671875,11258
42,clay.tot,plsr,SERBIA.SSL,135,C3n,0.9172727272727272,0.9172727272727272,2.893832857764525,0.0,0.999582190113368,1849.29296875,9403.3671875,11258
42,clay.tot,hgb,SERBIA.SSL,135,C0,0.7418181818181818,0.7418181818181818,1.423658508247683,0.0,0.999582190113368,1849.29296875,9403.3671875,11258
42,clay.tot,hgb,SERBIA.SSL,135,C0w,0.8527272727272728,0.8527272727272728,1.8537773570087686,0.0,0.999582190113368,1849.29296875,9403.3671875,11258
42,clay.tot,hgb,SERBIA.SSL,135,C1,0.9763636363636365,0.9171930841302037,1.8537773570087686,0.7136363636363636,0.999582190113368,1849.29296875,9403.3671875,11258
42,clay.tot,hgb,SERBIA.SSL,135,C1c,0.8109090909090909,0.8109090909090909,1.7085201770235738,0.0,0.999582190113368,1849.29296875,9403.3671875,11258
42,clay.tot,hgb,SERBIA.SSL,135,C2,0.9145454545454544,0.9145454545454544,2.6802825062615536,0.0,0.999582190113368,1849.29296875,9403.3671875,11258
42,clay.tot,hgb,SERBIA.SSL,135,C3n,0.93,0.93,2.3479863714376936,0.0,0.999582190113368,1849.29296875,9403.3671875,11258
42,oc,plsr,KSSL.SSL,20081,C0,0.4875349022736339,0.4875349022736339,0.32619510818818426,0.0,0.9781471778427803,90.8745346069336,185.52822875976562,1150
42,oc,plsr,KSSL.SSL,20081,C0w,0.549561228560032,0.549561228560032,0.3900711586682889,0.0,0.9781471778427803,90.8745346069336,185.52822875976562,1150
42,oc,plsr,KSSL.SSL,20081,C1,0.5491124850418827,0.5491124850418827,0.3900711586682889,0.0,0.9781471778427803,90.8745346069336,185.52822875976562,1150
42,oc,plsr,KSSL.SSL,20081,C1c,0.5432887913841246,0.5432887913841246,0.3832126135996637,0.0,0.9781471778427803,90.8745346069336,185.52822875976562,1150
42,oc,plsr,KSSL.SSL,20081,C2,0.9357349421619464,0.9357349421619464,1.0329027149146637,0.0,0.9781471778427803,90.8745346069336,185.52822875976562,1150
42,oc,plsr,KSSL.SSL,20081,C3n,0.9370512564818508,0.9370512564818508,0.8211884137584151,0.0,0.9781471778427803,90.8745346069336,185.52822875976562,1150
42,oc,hgb,KSSL.SSL,20081,C0,0.48525129637016357,0.48525129637016357,0.3601217666151493,0.0,0.9781471778427803,90.8745346069336,185.52822875976562,1150
42,oc,hgb,KSSL.SSL,20081,C0w,0.5285550458715597,0.5285550458715597,0.438553100332196,0.0,0.9781471778427803,90.8745346069336,185.52822875976562,1150
42,oc,hgb,KSSL.SSL,20081,C1,0.5259722776226565,0.5259722776226565,0.438553100332196,0.0,0.9781471778427803,90.8745346069336,185.52822875976562,1150
42,oc,hgb,KSSL.SSL,20081,C1c,0.4995861587554846,0.4995861587554846,0.38397428408563616,0.0,0.9781471778427803,90.8745346069336,185.52822875976562,1150
42,oc,hgb,KSSL.SSL,20081,C2,0.8963651775029916,0.8963651775029916,1.308395222306031,0.0,0.9781471778427803,90.8745346069336,185.52822875976562,1150
42,oc,hgb,KSSL.SSL,20081,C3n,0.9067510969285999,0.9067510969285999,0.6751394643972359,0.0,0.9781471778427803,90.8745346069336,185.52822875976562,1150
42,oc,plsr,ICRAF.ISRIC,3698,C0,0.6650694255377075,0.6650694255377075,0.771969134367539,0.0,0.972502967493573,83.28619384765625,236.61956787109375,4426
42,oc,plsr,ICRAF.ISRIC,3698,C0w,0.8626735638442691,0.8626735638442691,1.2533852992588372,0.0,0.972502967493573,83.28619384765625,236.61956787109375,4426
42,oc,plsr,ICRAF.ISRIC,3698,C1,0.8848080588075142,0.8848080588075142,1.2533852992588372,0.0,0.972502967493573,83.28619384765625,236.61956787109375,4426
42,oc,plsr,ICRAF.ISRIC,3698,C1c,0.7642254288047917,0.7642254288047917,0.9709840088450531,0.0,0.972502967493573,83.28619384765625,236.61956787109375,4426
42,oc,plsr,ICRAF.ISRIC,3698,C2,0.9001905799074326,0.9001905799074326,1.453771280641747,0.0,0.972502967493573,83.28619384765625,236.61956787109375,4426
42,oc,plsr,ICRAF.ISRIC,3698,C3n,0.9210182412197113,0.9210182412197113,1.7658312942416936,0.0,0.972502967493573,83.28619384765625,236.61956787109375,4426
42,oc,hgb,ICRAF.ISRIC,3698,C0,0.5951538252109991,0.5951538252109991,0.8615966273037554,0.0,0.972502967493573,83.28619384765625,236.61956787109375,4426
42,oc,hgb,ICRAF.ISRIC,3698,C0w,0.6793629185951537,0.6793629185951537,1.017762498578593,0.0,0.972502967493573,83.28619384765625,236.61956787109375,4426
42,oc,hgb,ICRAF.ISRIC,3698,C1,0.7161992921317724,0.7161992921317724,1.017762498578593,0.0,0.972502967493573,83.28619384765625,236.61956787109375,4426
42,oc,hgb,ICRAF.ISRIC,3698,C1c,0.5590525456030493,0.5590525456030493,0.8113231520306072,0.0,0.972502967493573,83.28619384765625,236.61956787109375,4426
42,oc,hgb,ICRAF.ISRIC,3698,C2,0.9384154641982031,0.9384154641982031,2.749261701966272,0.0,0.972502967493573,83.28619384765625,236.61956787109375,4426
42,oc,hgb,ICRAF.ISRIC,3698,C3n,0.9302205281786005,0.9302205281786005,2.308273047161469,0.0,0.972502967493573,83.28619384765625,236.61956787109375,4426
42,oc,plsr,AFSIS1.SSL,1902,C0,0.7862013851891316,0.7862013851891316,0.9793520441893848,0.0,0.9529463564207382,83.37320709228516,243.48416137695312,4786
42,oc,plsr,AFSIS1.SSL,1902,C0w,0.8857218966435803,0.8857218966435803,1.337546992591174,0.0,0.9529463564207382,83.37320709228516,243.48416137695312,4786
42,oc,plsr,AFSIS1.SSL,1902,C1,0.8913692061800745,0.8913692061800745,1.337546992591174,0.0,0.9529463564207382,83.37320709228516,243.48416137695312,4786
42,oc,plsr,AFSIS1.SSL,1902,C1c,0.8741076185402237,0.8741076185402237,1.270076810922117,0.0,0.9529463564207382,83.37320709228516,243.48416137695312,4786
42,oc,plsr,AFSIS1.SSL,1902,C2,0.9318593500266383,0.9318593500266383,1.6599145640955628,0.0,0.9529463564207382,83.37320709228516,243.48416137695312,4786
42,oc,plsr,AFSIS1.SSL,1902,C3n,0.918859882791689,0.918859882791689,1.4640849918554473,0.0,0.9529463564207382,83.37320709228516,243.48416137695312,4786
42,oc,hgb,AFSIS1.SSL,1902,C0,0.8827384123601492,0.8827384123601492,1.1677146439404056,0.0,0.9529463564207382,83.37320709228516,243.48416137695312,4786
42,oc,hgb,AFSIS1.SSL,1902,C0w,0.8912626531699519,0.8912626531699519,1.2256768992472509,0.0,0.9529463564207382,83.37320709228516,243.48416137695312,4786
42,oc,hgb,AFSIS1.SSL,1902,C1,0.8948321790090569,0.8948321790090569,1.2256768992472509,0.0,0.9529463564207382,83.37320709228516,243.48416137695312,4786
42,oc,hgb,AFSIS1.SSL,1902,C1c,0.8853489611081512,0.8853489611081512,1.1808516222293608,0.0,0.9529463564207382,83.37320709228516,243.48416137695312,4786
42,oc,hgb,AFSIS1.SSL,1902,C2,0.9200319659030368,0.9200319659030368,1.6244498885633187,0.0,0.9529463564207382,83.37320709228516,243.48416137695312,4786
42,oc,hgb,AFSIS1.SSL,1902,C3n,0.9082045817794354,0.9082045817794354,1.6543073591814985,0.0,0.9529463564207382,83.37320709228516,243.48416137695312,4786
42,oc,plsr,AFSIS2.SSL,151,C0,0.6571428571428571,0.6571428571428571,1.3665506866249455,0.0,0.9783878504672896,5.936201572418213,249.9919891357422,5136
42,oc,plsr,AFSIS2.SSL,151,C0w,0.634920634920635,0.634920634920635,1.3149125322250659,0.0,0.9783878504672896,5.936201572418213,249.9919891357422,5136
42,oc,plsr,AFSIS2.SSL,151,C1,0.8174603174603174,0.6713990063687167,1.3149125322250659,0.4444444444444445,0.9783878504672896,5.936201572418213,249.9919891357422,5136
42,oc,plsr,AFSIS2.SSL,151,C1c,0.8015873015873016,0.8015873015873016,1.707793548691685,0.0,0.9783878504672896,5.936201572418213,249.9919891357422,5136
42,oc,plsr,AFSIS2.SSL,151,C2,0.9,0.9,2.2551950323836953,0.0,0.9783878504672896,5.936201572418213,249.9919891357422,5136
42,oc,plsr,AFSIS2.SSL,151,C3n,0.8746031746031745,0.8746031746031745,1.2175774811190205,0.0,0.9783878504672896,5.936201572418213,249.9919891357422,5136
42,oc,hgb,AFSIS2.SSL,151,C0,0.7992063492063493,0.7992063492063493,1.5818252211430865,0.0,0.9783878504672896,5.936201572418213,249.9919891357422,5136
42,oc,hgb,AFSIS2.SSL,151,C0w,0.746031746031746,0.746031746031746,1.4149056828318882,0.0,0.9783878504672896,5.936201572418213,249.9919891357422,5136
42,oc,hgb,AFSIS2.SSL,151,C1,0.8293650793650793,0.6974629664458234,1.4149056828318882,0.4357142857142858,0.9783878504672896,5.936201572418213,249.9919891357422,5136
42,oc,hgb,AFSIS2.SSL,151,C1c,0.8396825396825396,0.8396825396825396,1.8260433248536083,0.0,0.9783878504672896,5.936201572418213,249.9919891357422,5136
42,oc,hgb,AFSIS2.SSL,151,C2,0.9285714285714286,0.9285714285714286,1.9228922310075443,0.0,0.9783878504672896,5.936201572418213,249.9919891357422,5136
42,oc,hgb,AFSIS2.SSL,151,C3n,0.9087301587301585,0.9087301587301585,2.4812745806910965,0.0,0.9783878504672896,5.936201572418213,249.9919891357422,5136
42,n.tot,plsr,KSSL.SSL,76594,C0,0.39724300957306485,0.39724300957306485,0.31898383584655243,0.0,0.9624598312669684,140.40609741210938,243.08184814453125,772
42,n.tot,plsr,KSSL.SSL,76594,C0w,0.5405150909637059,0.5405150909637059,0.4467648298157569,0.0,0.9624598312669684,140.40609741210938,243.08184814453125,772
42,n.tot,plsr,KSSL.SSL,76594,C1,0.5399273857566378,0.5399273857566378,0.4467648298157569,0.0,0.9624598312669684,140.40609741210938,243.08184814453125,772
42,n.tot,plsr,KSSL.SSL,76594,C1c,0.5275868824197782,0.5275868824197782,0.43415246142048025,0.0,0.9624598312669684,140.40609741210938,243.08184814453125,772
42,n.tot,plsr,KSSL.SSL,76594,C2,0.9309002337760713,0.9309002337760713,2.44774794906387,0.0,0.9624598312669684,140.40609741210938,243.08184814453125,772
42,n.tot,plsr,KSSL.SSL,76594,C3n,0.8800023508208283,0.8800023508208283,1.1047479453441402,0.0,0.9624598312669684,140.40609741210938,243.08184814453125,772
42,n.tot,hgb,KSSL.SSL,76594,C0,0.5025532526218182,0.5025532526218182,0.3069015413238327,0.0,0.9624598312669684,140.40609741210938,243.08184814453125,772
42,n.tot,hgb,KSSL.SSL,76594,C0w,0.6184330473167992,0.6184330473167992,0.4472736645231763,0.0,0.9624598312669684,140.40609741210938,243.08184814453125,772
42,n.tot,hgb,KSSL.SSL,76594,C1,0.6180804241925583,0.6180804241925583,0.4472736645231763,0.0,0.9624598312669684,140.40609741210938,243.08184814453125,772
42,n.tot,hgb,KSSL.SSL,76594,C1c,0.6225443717431336,0.6225443717431336,0.4536944530336557,0.0,0.9624598312669684,140.40609741210938,243.08184814453125,772
42,n.tot,hgb,KSSL.SSL,76594,C2,0.9533793049406418,0.9533793049406418,3.9696459264841994,0.0,0.9624598312669684,140.40609741210938,243.08184814453125,772
42,n.tot,hgb,KSSL.SSL,76594,C3n,0.9383092374198435,0.9383092374198435,2.024455171784399,0.0,0.9624598312669684,140.40609741210938,243.08184814453125,772
42,n.tot,plsr,AFSIS1.SSL,1902,C0,0.8535428875865744,0.8535428875865744,3.217620717135779,0.0,0.9773531965079473,68.52268981933594,305.1295471191406,15710
42,n.tot,plsr,AFSIS1.SSL,1902,C0w,0.9414491209376665,0.9414491209376665,4.522509062656649,0.0,0.9773531965079473,68.52268981933594,305.1295471191406,15710
42,n.tot,plsr,AFSIS1.SSL,1902,C1,0.9456046883324454,0.9456046883324454,4.522509062656649,0.0,0.9773531965079473,68.52268981933594,305.1295471191406,15710
42,n.tot,plsr,AFSIS1.SSL,1902,C1c,0.9060735215769846,0.9060735215769846,3.844595047815319,0.0,0.9773531965079473,68.52268981933594,305.1295471191406,15710
42,n.tot,plsr,AFSIS1.SSL,1902,C2,0.9190729888119339,0.9190729888119339,4.199310718595569,0.0,0.9773531965079473,68.52268981933594,305.1295471191406,15710
42,n.tot,plsr,AFSIS1.SSL,1902,C3n,0.9283963771976559,0.9283963771976559,1.8270333682813633,0.0,0.9773531965079473,68.52268981933594,305.1295471191406,15710
42,n.tot,hgb,AFSIS1.SSL,1902,C0,0.9347362812999467,0.9347362812999467,2.528807000725011,0.0,0.9773531965079473,68.52268981933594,305.1295471191406,15710
42,n.tot,hgb,AFSIS1.SSL,1902,C0w,0.9036228023441663,0.9036228023441663,2.095559435742422,0.0,0.9773531965079473,68.52268981933594,305.1295471191406,15710
42,n.tot,hgb,AFSIS1.SSL,1902,C1,0.9100159829515183,0.9100159829515183,2.095559435742422,0.0,0.9773531965079473,68.52268981933594,305.1295471191406,15710
42,n.tot,hgb,AFSIS1.SSL,1902,C1c,0.9247202983484284,0.9247202983484284,2.3674370912424836,0.0,0.9773531965079473,68.52268981933594,305.1295471191406,15710
42,n.tot,hgb,AFSIS1.SSL,1902,C2,0.9080447522642515,0.9080447522642515,2.5853874790849227,0.0,0.9773531965079473,68.52268981933594,305.1295471191406,15710
42,n.tot,hgb,AFSIS1.SSL,1902,C3n,0.9039424613745339,0.9039424613745339,1.3879511682254297,0.0,0.9773531965079473,68.52268981933594,305.1295471191406,15710
42,n.tot,plsr,CAF.SSL,1578,C0,0.6127495170637475,0.6127495170637475,1.9656568146797055,0.0,0.9983836789131059,23.586593627929688,323.60064697265625,15775
42,n.tot,plsr,CAF.SSL,1578,C0w,0.9425627817128138,0.9425627817128138,4.396832022291355,0.0,0.9983836789131059,23.586593627929688,323.60064697265625,15775
42,n.tot,plsr,CAF.SSL,1578,C1,0.9355441081777206,0.9355441081777206,4.396832022291355,0.0,0.9983836789131059,23.586593627929688,323.60064697265625,15775
42,n.tot,plsr,CAF.SSL,1578,C1c,0.6475209272376047,0.6475209272376047,2.150847191993937,0.0,0.9983836789131059,23.586593627929688,323.60064697265625,15775
42,n.tot,plsr,CAF.SSL,1578,C2,0.9405022537025113,0.9405022537025113,4.791975368253375,0.0,0.9983836789131059,23.586593627929688,323.60064697265625,15775
42,n.tot,plsr,CAF.SSL,1578,C3n,0.9096587250482935,0.9096587250482935,2.5048590341424535,0.0,0.9983836789131059,23.586593627929688,323.60064697265625,15775
42,n.tot,hgb,CAF.SSL,1578,C0,0.8801030264005151,0.8801030264005151,1.6291888543121853,0.0,0.9983836789131059,23.586593627929688,323.60064697265625,15775
42,n.tot,hgb,CAF.SSL,1578,C0w,0.987958789439794,0.987958789439794,4.722708304070881,0.0,0.9983836789131059,23.586593627929688,323.60064697265625,15775
42,n.tot,hgb,CAF.SSL,1578,C1,0.9873148744365745,0.9873148744365745,4.722708304070881,0.0,0.9983836789131059,23.586593627929688,323.60064697265625,15775
42,n.tot,hgb,CAF.SSL,1578,C1c,0.8983258209916289,0.8983258209916289,1.74801369573071,0.0,0.9983836789131059,23.586593627929688,323.60064697265625,15775
42,n.tot,hgb,CAF.SSL,1578,C2,0.936445589182228,0.936445589182228,2.5918091994669936,0.0,0.9983836789131059,23.586593627929688,323.60064697265625,15775
42,n.tot,hgb,CAF.SSL,1578,C3n,0.9162910495814552,0.9162910495814552,2.275364803464844,0.0,0.9983836789131059,23.586593627929688,323.60064697265625,15775
42,n.tot,plsr,GARRETT.SSL,184,C0,0.8333333333333334,0.8333333333333334,1.9061634756253591,0.0,0.9629179508289957,311.0828857421875,2937.7724609375,16054
42,n.tot,plsr,GARRETT.SSL,184,C0w,0.8490566037735849,0.8490566037735849,2.0198589056980376,0.0,0.9629179508289957,311.0828857421875,2937.7724609375,16054
42,n.tot,plsr,GARRETT.SSL,184,C1,0.8490566037735849,0.8482007801926599,2.0198589056980376,0.0056603773584905665,0.9629179508289957,311.0828857421875,2937.7724609375,16054
42,n.tot,plsr,GARRETT.SSL,184,C1c,0.8383647798742139,0.8383647798742139,1.928335882141715,0.0,0.9629179508289957,311.0828857421875,2937.7724609375,16054
42,n.tot,plsr,GARRETT.SSL,184,C2,0.9081761006289308,0.9081761006289308,2.795167260068944,0.0,0.9629179508289957,311.0828857421875,2937.7724609375,16054
42,n.tot,plsr,GARRETT.SSL,184,C3n,0.9383647798742139,0.9383647798742139,1.9770233057791564,0.0,0.9629179508289957,311.0828857421875,2937.7724609375,16054
42,n.tot,hgb,GARRETT.SSL,184,C0,0.769182389937107,0.769182389937107,1.4730989450013001,0.0,0.9629179508289957,311.0828857421875,2937.7724609375,16054
42,n.tot,hgb,GARRETT.SSL,184,C0w,0.8169811320754716,0.8169811320754716,1.7827430638692254,0.0,0.9629179508289957,311.0828857421875,2937.7724609375,16054
42,n.tot,hgb,GARRETT.SSL,184,C1,0.829559748427673,0.8287079054215429,1.7827430638692254,0.005031446540880504,0.9629179508289957,311.0828857421875,2937.7724609375,16054
42,n.tot,hgb,GARRETT.SSL,184,C1c,0.790566037735849,0.790566037735849,1.5334401724945947,0.0,0.9629179508289957,311.0828857421875,2937.7724609375,16054
42,n.tot,hgb,GARRETT.SSL,184,C2,0.8955974842767296,0.8955974842767296,2.7064223272434678,0.0,0.9629179508289957,311.0828857421875,2937.7724609375,16054
42,n.tot,hgb,GARRETT.SSL,184,C3n,0.8981132075471698,0.8981132075471698,1.343836325241874,0.0,0.9629179508289957,311.0828857421875,2937.7724609375,16054
42,n.tot,plsr,AFSIS2.SSL,151,C0,0.8936507936507937,0.8936507936507937,3.881871395720116,0.0,0.9807287242377508,10.911935806274414,1012.9118041992188,16060
42,n.tot,plsr,AFSIS2.SSL,151,C0w,1.0,1.0,7.7684459401879025,0.0,0.9807287242377508,10.911935806274414,1012.9118041992188,16060
42,n.tot,plsr,AFSIS2.SSL,151,C1,1.0,1.0,7.7684459401879025,0.26111111111111107,0.9807287242377508,10.911935806274414,1012.9118041992188,16060
42,n.tot,plsr,AFSIS2.SSL,151,C1c,0.9261904761904762,0.9261904761904762,4.357273523607759,0.0,0.9807287242377508,10.911935806274414,1012.9118041992188,16060
42,n.tot,plsr,AFSIS2.SSL,151,C2,0.9047619047619048,0.9047619047619048,4.179297551059346,0.0,0.9807287242377508,10.911935806274414,1012.9118041992188,16060
42,n.tot,plsr,AFSIS2.SSL,151,C3n,0.9317460317460318,0.9317460317460318,2.4805742173484724,0.0,0.9807287242377508,10.911935806274414,1012.9118041992188,16060
42,n.tot,hgb,AFSIS2.SSL,151,C0,0.9634920634920634,0.9634920634920634,3.184138338000159,0.0,0.9807287242377508,10.911935806274414,1012.9118041992188,16060
42,n.tot,hgb,AFSIS2.SSL,151,C0w,0.9698412698412697,0.9698412698412697,3.5037122908396605,0.0,0.9807287242377508,10.911935806274414,1012.9118041992188,16060
42,n.tot,hgb,AFSIS2.SSL,151,C1,0.9698412698412697,0.9587939372886108,3.5037122908396605,0.26825396825396824,0.9807287242377508,10.911935806274414,1012.9118041992188,16060
42,n.tot,hgb,AFSIS2.SSL,151,C1c,0.9698412698412697,0.9698412698412697,3.5037122908396605,0.0,0.9807287242377508,10.911935806274414,1012.9118041992188,16060
42,n.tot,hgb,AFSIS2.SSL,151,C2,0.880952380952381,0.880952380952381,1.88734677326149,0.0,0.9807287242377508,10.911935806274414,1012.9118041992188,16060
42,n.tot,hgb,AFSIS2.SSL,151,C3n,0.9238095238095239,0.9238095238095239,2.652247923665112,0.0,0.9807287242377508,10.911935806274414,1012.9118041992188,16060
42,ph.h2o,plsr,KSSL.SSL,52867,C0,0.8210949623405626,0.8210949623405626,1.4064621306696667,0.0,0.9655676173472998,206.70750427246094,386.4688720703125,1308
42,ph.h2o,plsr,KSSL.SSL,52867,C0w,0.8693671700541236,0.8693671700541236,1.6134515756849,0.0,0.9655676173472998,206.70750427246094,386.4688720703125,1308
42,ph.h2o,plsr,KSSL.SSL,52867,C1,0.8693482457136369,0.8693482457136369,1.6134515756849,0.0,0.9655676173472998,206.70750427246094,386.4688720703125,1308
42,ph.h2o,plsr,KSSL.SSL,52867,C1c,0.840804662957496,0.840804662957496,1.4829692948408282,0.0,0.9655676173472998,206.70750427246094,386.4688720703125,1308
42,ph.h2o,plsr,KSSL.SSL,52867,C2,0.9318383104348813,0.9318383104348813,2.0374384232254186,0.0,0.9655676173472998,206.70750427246094,386.4688720703125,1308
42,ph.h2o,plsr,KSSL.SSL,52867,C3n,0.9414594451383369,0.9414594451383369,2.7550974114870885,0.0,0.9655676173472998,206.70750427246094,386.4688720703125,1308
42,ph.h2o,hgb,KSSL.SSL,52867,C0,0.7604348813443851,0.7604348813443851,1.2182008210455215,0.0,0.9655676173472998,206.70750427246094,386.4688720703125,1308
42,ph.h2o,hgb,KSSL.SSL,52867,C0w,0.7704401801597214,0.7704401801597214,1.2505207258244082,0.0,0.9655676173472998,206.70750427246094,386.4688720703125,1308
42,ph.h2o,hgb,KSSL.SSL,52867,C1,0.7699292229665795,0.7699292229665795,1.2505207258244082,0.0,0.9655676173472998,206.70750427246094,386.4688720703125,1308
42,ph.h2o,hgb,KSSL.SSL,52867,C1c,0.7478142386737822,0.7478142386737822,1.1816298156569118,0.0,0.9655676173472998,206.70750427246094,386.4688720703125,1308
42,ph.h2o,hgb,KSSL.SSL,52867,C2,0.9338272586200371,0.9338272586200371,2.0155032025393327,0.0,0.9655676173472998,206.70750427246094,386.4688720703125,1308
42,ph.h2o,hgb,KSSL.SSL,52867,C3n,0.9292892017713182,0.9292892017713182,2.3486103552832573,0.0,0.9655676173472998,206.70750427246094,386.4688720703125,1308
42,ph.h2o,plsr,ICRAF.ISRIC,3774,C0,0.7791144305148039,0.7791144305148039,1.2994467702372068,0.0,0.9839518423690633,89.1346206665039,295.4828796386719,11126
42,ph.h2o,plsr,ICRAF.ISRIC,3774,C0w,0.8441717791411042,0.8441717791411042,1.5628356531594871,0.0,0.9839518423690633,89.1346206665039,295.4828796386719,11126
42,ph.h2o,plsr,ICRAF.ISRIC,3774,C1,0.8492131234995999,0.8492131234995999,1.5628356531594871,0.0,0.9839518423690633,89.1346206665039,295.4828796386719,11126
42,ph.h2o,plsr,ICRAF.ISRIC,3774,C1c,0.8343825020005333,0.8343825020005333,1.5547140212923396,0.0,0.9839518423690633,89.1346206665039,295.4828796386719,11126
42,ph.h2o,plsr,ICRAF.ISRIC,3774,C2,0.904641237663377,0.904641237663377,1.9616303958074506,0.0,0.9839518423690633,89.1346206665039,295.4828796386719,11126
42,ph.h2o,plsr,ICRAF.ISRIC,3774,C3n,0.8918911709789278,0.8918911709789278,1.8261315845033215,0.0,0.9839518423690633,89.1346206665039,295.4828796386719,11126
42,ph.h2o,hgb,ICRAF.ISRIC,3774,C0,0.7466791144305148,0.7466791144305148,1.1268052535736746,0.0,0.9839518423690633,89.1346206665039,295.4828796386719,11126
42,ph.h2o,hgb,ICRAF.ISRIC,3774,C0w,0.8528407575353427,0.8528407575353427,1.5325691970800943,0.0,0.9839518423690633,89.1346206665039,295.4828796386719,11126
42,ph.h2o,hgb,ICRAF.ISRIC,3774,C1,0.8528407575353427,0.8528407575353427,1.5325691970800943,0.0,0.9839518423690633,89.1346206665039,295.4828796386719,11126
42,ph.h2o,hgb,ICRAF.ISRIC,3774,C1c,0.8157908775673512,0.8157908775673512,1.3591707341713921,0.0,0.9839518423690633,89.1346206665039,295.4828796386719,11126
42,ph.h2o,hgb,ICRAF.ISRIC,3774,C2,0.917391304347826,0.917391304347826,2.1972623142148007,0.0,0.9839518423690633,89.1346206665039,295.4828796386719,11126
42,ph.h2o,hgb,ICRAF.ISRIC,3774,C3n,0.8917844758602295,0.8917844758602295,1.8457844542467159,0.0,0.9839518423690633,89.1346206665039,295.4828796386719,11126
42,ph.h2o,plsr,AFSIS1.SSL,1904,C0,0.897232570516232,0.897232570516232,1.7613177341213586,0.0,0.9550189532334674,112.0740966796875,342.2647399902344,11500
42,ph.h2o,plsr,AFSIS1.SSL,1904,C0w,0.9457690260777009,0.9457690260777009,2.0768992605488763,0.0,0.9550189532334674,112.0740966796875,342.2647399902344,11500
42,ph.h2o,plsr,AFSIS1.SSL,1904,C1,0.947365620010644,0.947365620010644,2.0768992605488763,0.0,0.9550189532334674,112.0740966796875,342.2647399902344,11500
42,ph.h2o,plsr,AFSIS1.SSL,1904,C1c,0.9457690260777009,0.9457690260777009,2.0768992605488763,0.0,0.9550189532334674,112.0740966796875,342.2647399902344,11500
42,ph.h2o,plsr,AFSIS1.SSL,1904,C2,0.941192123469931,0.941192123469931,2.2621347140205015,0.0,0.9550189532334674,112.0740966796875,342.2647399902344,11500
42,ph.h2o,plsr,AFSIS1.SSL,1904,C3n,0.9032464076636508,0.9032464076636508,1.8508263298864942,0.0,0.9550189532334674,112.0740966796875,342.2647399902344,11500
42,ph.h2o,hgb,AFSIS1.SSL,1904,C0,0.8489089941458221,0.8489089941458221,1.513808609642624,0.0,0.9550189532334674,112.0740966796875,342.2647399902344,11500
42,ph.h2o,hgb,AFSIS1.SSL,1904,C0w,0.9008515167642364,0.9008515167642364,1.730400290514445,0.0,0.9550189532334674,112.0740966796875,342.2647399902344,11500
42,ph.h2o,hgb,AFSIS1.SSL,1904,C1,0.9035125066524747,0.9035125066524747,1.730400290514445,0.0,0.9550189532334674,112.0740966796875,342.2647399902344,11500
42,ph.h2o,hgb,AFSIS1.SSL,1904,C1c,0.9056412985630654,0.9056412985630654,1.7427881217321408,0.0,0.9550189532334674,112.0740966796875,342.2647399902344,11500
42,ph.h2o,hgb,AFSIS1.SSL,1904,C2,0.901596593932943,0.901596593932943,1.720544116633596,0.0,0.9550189532334674,112.0740966796875,342.2647399902344,11500
42,ph.h2o,hgb,AFSIS1.SSL,1904,C3n,0.9005321979776477,0.9005321979776477,1.985950042322088,0.0,0.9550189532334674,112.0740966796875,342.2647399902344,11500
42,ph.h2o,plsr,CAF.SSL,483,C0,0.8475982532751092,0.8475982532751092,2.00308820059515,0.0,0.997578245848892,31.10824203491211,333.9341125488281,11785
42,ph.h2o,plsr,CAF.SSL,483,C0w,0.7858078602620087,0.7858078602620087,1.7231130804549266,0.0,0.997578245848892,31.10824203491211,333.9341125488281,11785
42,ph.h2o,plsr,CAF.SSL,483,C1,0.8711790393013101,0.7727871664964638,1.7231130804549266,0.43296943231441054,0.997578245848892,31.10824203491211,333.9341125488281,11785
42,ph.h2o,plsr,CAF.SSL,483,C1c,0.8491266375545852,0.8491266375545852,2.119862631718573,0.0,0.997578245848892,31.10824203491211,333.9341125488281,11785
42,ph.h2o,plsr,CAF.SSL,483,C2,0.9329694323144105,0.9329694323144105,3.1195557266531626,0.0,0.997578245848892,31.10824203491211,333.9341125488281,11785
42,ph.h2o,plsr,CAF.SSL,483,C3n,0.9137554585152838,0.9137554585152838,2.918101694926266,0.0,0.997578245848892,31.10824203491211,333.9341125488281,11785
42,ph.h2o,hgb,CAF.SSL,483,C0,0.8414847161572052,0.8414847161572052,1.7112465448418053,0.0,0.997578245848892,31.10824203491211,333.9341125488281,11785
42,ph.h2o,hgb,CAF.SSL,483,C0w,0.8515283842794761,0.8515283842794761,1.830182248939182,0.0,0.997578245848892,31.10824203491211,333.9341125488281,11785
42,ph.h2o,hgb,CAF.SSL,483,C1,0.8903930131004367,0.8062876597037942,1.830182248939182,0.43427947598253275,0.997578245848892,31.10824203491211,333.9341125488281,11785
42,ph.h2o,hgb,CAF.SSL,483,C1c,0.8515283842794761,0.8515283842794761,1.830182248939182,0.0,0.997578245848892,31.10824203491211,333.9341125488281,11785
42,ph.h2o,hgb,CAF.SSL,483,C2,0.9419213973799128,0.9419213973799128,3.1236727322042754,0.0,0.997578245848892,31.10824203491211,333.9341125488281,11785
42,ph.h2o,hgb,CAF.SSL,483,C3n,0.9207423580786026,0.9207423580786026,3.306455536986877,0.0,0.997578245848892,31.10824203491211,333.9341125488281,11785
42,ph.h2o,plsr,GARRETT.SSL,184,C0,0.8647798742138365,0.8647798742138365,2.814179582284459,0.0,0.9707914849566098,237.4990234375,1804.1807861328125,11844
42,ph.h2o,plsr,GARRETT.SSL,184,C0w,0.8918238993710693,0.8918238993710693,2.9751809045228956,0.0,0.9707914849566098,237.4990234375,1804.1807861328125,11844
42,ph.h2o,plsr,GARRETT.SSL,184,C1,0.8867924528301888,0.8863506090279436,2.9751809045228956,0.003773584905660378,0.9707914849566098,237.4990234375,1804.1807861328125,11844
42,ph.h2o,plsr,GARRETT.SSL,184,C1c,0.8817610062893083,0.8817610062893083,2.8588338171497023,0.0,0.9707914849566098,237.4990234375,1804.1807861328125,11844
42,ph.h2o,plsr,GARRETT.SSL,184,C2,0.9226415094339624,0.9226415094339624,3.329588407855778,0.0,0.9707914849566098,237.4990234375,1804.1807861328125,11844
42,ph.h2o,plsr,GARRETT.SSL,184,C3n,0.9163522012578615,0.9163522012578615,1.605313794983315,0.0,0.9707914849566098,237.4990234375,1804.1807861328125,11844
42,ph.h2o,hgb,GARRETT.SSL,184,C0,0.7578616352201257,0.7578616352201257,2.4354376291514104,0.0,0.9707914849566098,237.4990234375,1804.1807861328125,11844
42,ph.h2o,hgb,GARRETT.SSL,184,C0w,0.7861635220125787,0.7861635220125787,2.5172631837013135,0.0,0.9707914849566098,237.4990234375,1804.1807861328125,11844
42,ph.h2o,hgb,GARRETT.SSL,184,C1,0.7962264150943398,0.7949367088607595,2.5172631837013135,0.006289308176100629,0.9707914849566098,237.4990234375,1804.1807861328125,11844
42,ph.h2o,hgb,GARRETT.SSL,184,C1c,0.7635220125786164,0.7635220125786164,2.459226647187536,0.0,0.9707914849566098,237.4990234375,1804.1807861328125,11844
42,ph.h2o,hgb,GARRETT.SSL,184,C2,0.9270440251572326,0.9270440251572326,3.98707244902234,0.0,0.9707914849566098,237.4990234375,1804.1807861328125,11844
42,ph.h2o,hgb,GARRETT.SSL,184,C3n,0.9119496855345911,0.9119496855345911,1.7478511284734468,0.0,0.9707914849566098,237.4990234375,1804.1807861328125,11844
42,ph.h2o,plsr,AFSIS2.SSL,151,C0,0.7841269841269842,0.7841269841269842,2.4081782588569713,0.0,0.9805107680856283,753.9280395507812,6464.09765625,11851
42,ph.h2o,plsr,AFSIS2.SSL,151,C0w,0.788888888888889,0.788888888888889,2.4383150825718345,0.0,0.9805107680856283,753.9280395507812,6464.09765625,11851
42,ph.h2o,plsr,AFSIS2.SSL,151,C1,0.9396825396825397,0.9036062671505709,2.4383150825718345,0.3746031746031746,0.9805107680856283,753.9280395507812,6464.09765625,11851
42,ph.h2o,plsr,AFSIS2.SSL,151,C1c,0.8031746031746032,0.8031746031746032,2.4631777914183695,0.0,0.9805107680856283,753.9280395507812,6464.09765625,11851
42,ph.h2o,plsr,AFSIS2.SSL,151,C2,0.9555555555555555,0.9555555555555555,5.306914243457635,0.0,0.9805107680856283,753.9280395507812,6464.09765625,11851
42,ph.h2o,plsr,AFSIS2.SSL,151,C3n,0.9349206349206349,0.9349206349206349,3.6174906861830847,0.0,0.9805107680856283,753.9280395507812,6464.09765625,11851
42,ph.h2o,hgb,AFSIS2.SSL,151,C0,0.8214285714285714,0.8214285714285714,2.063900015500271,0.0,0.9805107680856283,753.9280395507812,6464.09765625,11851
42,ph.h2o,hgb,AFSIS2.SSL,151,C0w,0.8412698412698412,0.8412698412698412,2.1909181367880004,0.0,0.9805107680856283,753.9280395507812,6464.09765625,11851
42,ph.h2o,hgb,AFSIS2.SSL,151,C1,0.9373015873015873,0.898193509512519,2.1909181367880004,0.3841269841269841,0.9805107680856283,753.9280395507812,6464.09765625,11851
42,ph.h2o,hgb,AFSIS2.SSL,151,C1c,0.8349206349206348,0.8349206349206348,2.140923344030826,0.0,0.9805107680856283,753.9280395507812,6464.09765625,11851
42,ph.h2o,hgb,AFSIS2.SSL,151,C2,0.9166666666666666,0.9166666666666666,3.1072680731838727,0.0,0.9805107680856283,753.9280395507812,6464.09765625,11851
42,ph.h2o,hgb,AFSIS2.SSL,151,C3n,0.8968253968253969,0.8968253968253969,3.2508485687300945,0.0,0.9805107680856283,753.9280395507812,6464.09765625,11851
7,clay.tot,plsr,KSSL.SSL,50007,C0,0.5160497779200511,0.5160497779200511,2.25882562028756,0.0,0.9695886501123487,188.13531494140625,346.6924133300781,1284
7,clay.tot,plsr,KSSL.SSL,50007,C0w,0.8688267776399503,0.8688267776399503,3.7535514652533872,0.0,0.9695886501123487,188.13531494140625,346.6924133300781,1284
7,clay.tot,plsr,KSSL.SSL,50007,C1,0.8679884758513066,0.8679884758513066,3.7535514652533872,0.0,0.9695886501123487,188.13531494140625,346.6924133300781,1284
7,clay.tot,plsr,KSSL.SSL,50007,C1c,0.667514305149854,0.667514305149854,2.734973470885679,0.0,0.9695886501123487,188.13531494140625,346.6924133300781,1284
7,clay.tot,plsr,KSSL.SSL,50007,C2,0.9056720419350967,0.9056720419350967,4.800378102051435,0.0,0.9695886501123487,188.13531494140625,346.6924133300781,1284
7,clay.tot,plsr,KSSL.SSL,50007,C3n,0.8872354047457085,0.8872354047457085,3.165945292051978,0.0,0.9695886501123487,188.13531494140625,346.6924133300781,1284
7,clay.tot,hgb,KSSL.SSL,50007,C0,0.6847004921771838,0.6847004921771838,2.014586817029376,0.0,0.9695886501123487,188.13531494140625,346.6924133300781,1284
7,clay.tot,hgb,KSSL.SSL,50007,C0w,0.8765815693649713,0.8765815693649713,3.0071248808533357,0.0,0.9695886501123487,188.13531494140625,346.6924133300781,1284
7,clay.tot,hgb,KSSL.SSL,50007,C1,0.8763414829338563,0.8763414829338563,3.0071248808533357,0.0,0.9695886501123487,188.13531494140625,346.6924133300781,1284
7,clay.tot,hgb,KSSL.SSL,50007,C1c,0.7756832459685488,0.7756832459685488,2.4123458375533646,0.0,0.9695886501123487,188.13531494140625,346.6924133300781,1284
7,clay.tot,hgb,KSSL.SSL,50007,C2,0.8936497138970028,0.8936497138970028,3.146108864202161,0.0,0.9695886501123487,188.13531494140625,346.6924133300781,1284
7,clay.tot,hgb,KSSL.SSL,50007,C3n,0.9096134608459046,0.9096134608459046,2.6913755567907556,0.0,0.9695886501123487,188.13531494140625,346.6924133300781,1284
7,clay.tot,plsr,ICRAF.ISRIC,3738,C0,0.4034742795583086,0.4034742795583086,0.9148051363431193,0.0,0.985389826174701,86.37511444091797,284.4035949707031,10538
7,clay.tot,plsr,ICRAF.ISRIC,3738,C0w,0.9268516024777809,0.9268516024777809,2.3995603819465843,0.0,0.985389826174701,86.37511444091797,284.4035949707031,10538
7,clay.tot,plsr,ICRAF.ISRIC,3738,C1,0.9273902504713168,0.9273902504713168,2.3995603819465843,0.0,0.985389826174701,86.37511444091797,284.4035949707031,10538
7,clay.tot,plsr,ICRAF.ISRIC,3738,C1c,0.8544573121465122,0.8544573121465122,2.013857105674364,0.0,0.985389826174701,86.37511444091797,284.4035949707031,10538
7,clay.tot,plsr,ICRAF.ISRIC,3738,C2,0.9442499326690008,0.9442499326690008,2.6247333833416953,0.0,0.985389826174701,86.37511444091797,284.4035949707031,10538
7,clay.tot,plsr,ICRAF.ISRIC,3738,C3n,0.9272825208726097,0.9272825208726097,2.484700424984872,0.0,0.985389826174701,86.37511444091797,284.4035949707031,10538
7,clay.tot,hgb,ICRAF.ISRIC,3738,C0,0.429383248047401,0.429383248047401,0.8060150733514766,0.0,0.985389826174701,86.37511444091797,284.4035949707031,10538
7,clay.tot,hgb,ICRAF.ISRIC,3738,C0w,0.7803932130352813,0.7803932130352813,1.6450212509792281,0.0,0.985389826174701,86.37511444091797,284.4035949707031,10538
7,clay.tot,hgb,ICRAF.ISRIC,3738,C1,0.772609749528683,0.772609749528683,1.6450212509792281,0.0,0.985389826174701,86.37511444091797,284.4035949707031,10538
7,clay.tot,hgb,ICRAF.ISRIC,3738,C1c,0.7611096148666846,0.7611096148666846,1.5993306597142116,0.0,0.985389826174701,86.37511444091797,284.4035949707031,10538
7,clay.tot,hgb,ICRAF.ISRIC,3738,C2,0.9080797199030435,0.9080797199030435,2.3177372970213925,0.0,0.985389826174701,86.37511444091797,284.4035949707031,10538
7,clay.tot,hgb,ICRAF.ISRIC,3738,C3n,0.9060328575276058,0.9060328575276058,2.2790772243060022,0.0,0.985389826174701,86.37511444091797,284.4035949707031,10538
7,clay.tot,plsr,AFSIS1.SSL,1896,C0,0.34901122394441475,0.34901122394441475,0.8205833273299601,0.0,0.9575275890405235,92.92811584472656,319.5989990234375,10906
7,clay.tot,plsr,AFSIS1.SSL,1896,C0w,0.381560662747194,0.381560662747194,0.9122346212123494,0.0,0.9575275890405235,92.92811584472656,319.5989990234375,10906
7,clay.tot,plsr,AFSIS1.SSL,1896,C1,0.3863709246392304,0.3863709246392304,0.9122346212123494,0.0,0.9575275890405235,92.92811584472656,319.5989990234375,10906
7,clay.tot,plsr,AFSIS1.SSL,1896,C1c,0.4288615713522181,0.4288615713522181,1.0175121570912586,0.0,0.9575275890405235,92.92811584472656,319.5989990234375,10906
7,clay.tot,plsr,AFSIS1.SSL,1896,C2,0.9269909139497596,0.9269909139497596,2.8676033847682127,0.0,0.9575275890405235,92.92811584472656,319.5989990234375,10906
7,clay.tot,plsr,AFSIS1.SSL,1896,C3n,0.9335649385355426,0.9335649385355426,2.5896017418395973,0.0,0.9575275890405235,92.92811584472656,319.5989990234375,10906
7,clay.tot,hgb,AFSIS1.SSL,1896,C0,0.27397113842864773,0.27397113842864773,0.7505480513119551,0.0,0.9575275890405235,92.92811584472656,319.5989990234375,10906
7,clay.tot,hgb,AFSIS1.SSL,1896,C0w,0.32731159807589527,0.32731159807589527,0.8755911545904056,0.0,0.9575275890405235,92.92811584472656,319.5989990234375,10906
7,clay.tot,hgb,AFSIS1.SSL,1896,C1,0.3283805451630144,0.3283805451630144,0.8755911545904056,0.0,0.9575275890405235,92.92811584472656,319.5989990234375,10906
7,clay.tot,hgb,AFSIS1.SSL,1896,C1c,0.352699091394976,0.352699091394976,0.9336636487538575,0.0,0.9575275890405235,92.92811584472656,319.5989990234375,10906
7,clay.tot,hgb,AFSIS1.SSL,1896,C2,0.9329770176376269,0.9329770176376269,3.18488930054652,0.0,0.9575275890405235,92.92811584472656,319.5989990234375,10906
7,clay.tot,hgb,AFSIS1.SSL,1896,C3n,0.9479957242116516,0.9479957242116516,3.21244493042859,0.0,0.9575275890405235,92.92811584472656,319.5989990234375,10906
7,clay.tot,plsr,CAF.SSL,511,C0,0.49876543209876545,0.49876543209876545,1.0086137971612654,0.0,0.9938734936817889,21.14046287536621,351.22216796875,11183
7,clay.tot,plsr,CAF.SSL,511,C0w,0.695679012345679,0.695679012345679,1.6210640329349133,0.0,0.9938734936817889,21.14046287536621,351.22216796875,11183
7,clay.tot,plsr,CAF.SSL,511,C1,0.7567901234567901,0.6874675420376012,1.6210640329349133,0.22181069958847738,0.9938734936817889,21.14046287536621,351.22216796875,11183
7,clay.tot,plsr,CAF.SSL,511,C1c,0.6526748971193416,0.6526748971193416,1.4463459699294627,0.0,0.9938734936817889,21.14046287536621,351.22216796875,11183
7,clay.tot,plsr,CAF.SSL,511,C2,0.9189300411522636,0.9189300411522636,3.1547432445288925,0.0,0.9938734936817889,21.14046287536621,351.22216796875,11183
7,clay.tot,plsr,CAF.SSL,511,C3n,0.9139917695473251,0.9139917695473251,3.024915007138038,0.0,0.9938734936817889,21.14046287536621,351.22216796875,11183
7,clay.tot,hgb,CAF.SSL,511,C0,0.4613168724279835,0.4613168724279835,0.8957168742486386,0.0,0.9938734936817889,21.14046287536621,351.22216796875,11183
7,clay.tot,hgb,CAF.SSL,511,C0w,0.7141975308641977,0.7141975308641977,1.7359975972488608,0.0,0.9938734936817889,21.14046287536621,351.22216796875,11183
7,clay.tot,hgb,CAF.SSL,511,C1,0.7672839506172839,0.7001653220643386,1.7359975972488608,0.2238683127572016,0.9938734936817889,21.14046287536621,351.22216796875,11183
7,clay.tot,hgb,CAF.SSL,511,C1c,0.6308641975308642,0.6308641975308642,1.4630552565981774,0.0,0.9938734936817889,21.14046287536621,351.22216796875,11183
7,clay.tot,hgb,CAF.SSL,511,C2,0.9137860082304528,0.9137860082304528,2.948378963871524,0.0,0.9938734936817889,21.14046287536621,351.22216796875,11183
7,clay.tot,hgb,CAF.SSL,511,C3n,0.9166666666666667,0.9166666666666667,3.021309841319137,0.0,0.9938734936817889,21.14046287536621,351.22216796875,11183
7,clay.tot,plsr,GARRETT.SSL,142,C0,0.2726495726495727,0.2726495726495727,0.7905928545752537,0.0,0.9737771927827068,235.82557678222656,2015.01220703125,11257
7,clay.tot,plsr,GARRETT.SSL,142,C0w,0.3076923076923077,0.3076923076923077,0.9044301335077007,0.0,0.9737771927827068,235.82557678222656,2015.01220703125,11257
7,clay.tot,plsr,GARRETT.SSL,142,C1,0.3367521367521368,0.32111365369946604,0.9044301335077007,0.023076923076923075,0.9737771927827068,235.82557678222656,2015.01220703125,11257
7,clay.tot,plsr,GARRETT.SSL,142,C1c,0.2948717948717948,0.2948717948717948,0.8259165257784132,0.0,0.9737771927827068,235.82557678222656,2015.01220703125,11257
7,clay.tot,plsr,GARRETT.SSL,142,C2,0.947008547008547,0.947008547008547,6.829730597003811,0.0,0.9737771927827068,235.82557678222656,2015.01220703125,11257
7,clay.tot,plsr,GARRETT.SSL,142,C3n,0.9538461538461538,0.9538461538461538,4.258136018712595,0.0,0.9737771927827068,235.82557678222656,2015.01220703125,11257
7,clay.tot,hgb,GARRETT.SSL,142,C0,0.27692307692307694,0.27692307692307694,0.7018886187045454,0.0,0.9737771927827068,235.82557678222656,2015.01220703125,11257
7,clay.tot,hgb,GARRETT.SSL,142,C0w,0.28376068376068375,0.28376068376068375,0.7726760956486366,0.0,0.9737771927827068,235.82557678222656,2015.01220703125,11257
7,clay.tot,hgb,GARRETT.SSL,142,C1,0.30598290598290595,0.29273179199873745,0.7726760956486366,0.018803418803418803,0.9737771927827068,235.82557678222656,2015.01220703125,11257
7,clay.tot,hgb,GARRETT.SSL,142,C1c,0.28376068376068375,0.28376068376068375,0.7343162827444604,0.0,0.9737771927827068,235.82557678222656,2015.01220703125,11257
7,clay.tot,hgb,GARRETT.SSL,142,C2,0.9333333333333333,0.9333333333333333,6.718108770884079,0.0,0.9737771927827068,235.82557678222656,2015.01220703125,11257
7,clay.tot,hgb,GARRETT.SSL,142,C3n,0.9333333333333332,0.9333333333333332,5.139695082849057,0.0,0.9737771927827068,235.82557678222656,2015.01220703125,11257
7,clay.tot,plsr,SERBIA.SSL,135,C0,0.7818181818181819,0.7818181818181819,1.6363233358167988,0.0,0.9997460242263938,3015.0185546875,10282.89453125,11258
7,clay.tot,plsr,SERBIA.SSL,135,C0w,0.860909090909091,0.860909090909091,2.389959775506695,0.0,0.9997460242263938,3015.0185546875,10282.89453125,11258
7,clay.tot,plsr,SERBIA.SSL,135,C1,0.9645454545454546,0.8545786197255462,2.389959775506695,0.7545454545454546,0.9997460242263938,3015.0185546875,10282.89453125,11258
7,clay.tot,plsr,SERBIA.SSL,135,C1c,0.8245454545454546,0.8245454545454546,2.0074720643852304,0.0,0.9997460242263938,3015.0185546875,10282.89453125,11258
7,clay.tot,plsr,SERBIA.SSL,135,C2,0.9145454545454544,0.9145454545454544,2.7187485610015276,0.0,0.9997460242263938,3015.0185546875,10282.89453125,11258
7,clay.tot,plsr,SERBIA.SSL,135,C3n,0.9354545454545455,0.9354545454545455,3.0463189822390015,0.0,0.9997460242263938,3015.0185546875,10282.89453125,11258
7,clay.tot,hgb,SERBIA.SSL,135,C0,0.78,0.78,1.4718835975302347,0.0,0.9997460242263938,3015.0185546875,10282.89453125,11258
7,clay.tot,hgb,SERBIA.SSL,135,C0w,0.9054545454545455,0.9054545454545455,1.928234101255264,0.0,0.9997460242263938,3015.0185546875,10282.89453125,11258
7,clay.tot,hgb,SERBIA.SSL,135,C1,0.9845454545454546,0.9358725646334343,1.928234101255264,0.76,0.9997460242263938,3015.0185546875,10282.89453125,11258
7,clay.tot,hgb,SERBIA.SSL,135,C1c,0.8672727272727272,0.8672727272727272,1.7586168612865882,0.0,0.9997460242263938,3015.0185546875,10282.89453125,11258
7,clay.tot,hgb,SERBIA.SSL,135,C2,0.9163636363636364,0.9163636363636364,2.504654276569561,0.0,0.9997460242263938,3015.0185546875,10282.89453125,11258
7,clay.tot,hgb,SERBIA.SSL,135,C3n,0.9118181818181819,0.9118181818181819,2.6856506660017145,0.0,0.9997460242263938,3015.0185546875,10282.89453125,11258
7,oc,plsr,KSSL.SSL,20081,C0,0.4887465097726366,0.4887465097726366,0.2971619894079431,0.0,0.9766529468695263,92.03172302246094,189.7568359375,1150
7,oc,plsr,KSSL.SSL,20081,C0w,0.5983546071001197,0.5983546071001197,0.44770323310825716,0.0,0.9766529468695263,92.03172302246094,189.7568359375,1150
7,oc,plsr,KSSL.SSL,20081,C1,0.5949641005185482,0.5949641005185482,0.44770323310825716,0.0,0.9766529468695263,92.03172302246094,189.7568359375,1150
7,oc,plsr,KSSL.SSL,20081,C1c,0.5801804946150778,0.5801804946150778,0.4183606762455061,0.0,0.9766529468695263,92.03172302246094,189.7568359375,1150
7,oc,plsr,KSSL.SSL,20081,C2,0.9196998404467491,0.9196998404467491,1.1325344793571155,0.0,0.9766529468695263,92.03172302246094,189.7568359375,1150
7,oc,plsr,KSSL.SSL,20081,C3n,0.916942560829677,0.916942560829677,0.7260402509128954,0.0,0.9766529468695263,92.03172302246094,189.7568359375,1150
7,oc,hgb,KSSL.SSL,20081,C0,0.4800309134423615,0.4800309134423615,0.364691978260988,0.0,0.9766529468695263,92.03172302246094,189.7568359375,1150
7,oc,hgb,KSSL.SSL,20081,C0w,0.5611587554846429,0.5611587554846429,0.5307466819301397,0.0,0.9766529468695263,92.03172302246094,189.7568359375,1150
7,oc,hgb,KSSL.SSL,20081,C1,0.5591743119266055,0.5591743119266055,0.5307466819301397,0.0,0.9766529468695263,92.03172302246094,189.7568359375,1150
7,oc,hgb,KSSL.SSL,20081,C1c,0.544689868368568,0.544689868368568,0.48722203351065346,0.0,0.9766529468695263,92.03172302246094,189.7568359375,1150
7,oc,hgb,KSSL.SSL,20081,C2,0.9461258476266454,0.9461258476266454,1.558855567565667,0.0,0.9766529468695263,92.03172302246094,189.7568359375,1150
7,oc,hgb,KSSL.SSL,20081,C3n,0.9243218986836859,0.9243218986836859,0.9530887901936274,0.0,0.9766529468695263,92.03172302246094,189.7568359375,1150
7,oc,plsr,ICRAF.ISRIC,3698,C0,0.6730465559488156,0.6730465559488156,0.771532692125479,0.0,0.9725306750977617,82.56062316894531,230.61228942871094,4426
7,oc,plsr,ICRAF.ISRIC,3698,C0w,0.7050367546964333,0.7050367546964333,0.8248954553757517,0.0,0.9725306750977617,82.56062316894531,230.61228942871094,4426
7,oc,plsr,ICRAF.ISRIC,3698,C1,0.7191124421453853,0.7191124421453853,0.8248954553757517,0.0,0.9725306750977617,82.56062316894531,230.61228942871094,4426
7,oc,plsr,ICRAF.ISRIC,3698,C1c,0.7107269262183502,0.7107269262183502,0.8447084893313794,0.0,0.9725306750977617,82.56062316894531,230.61228942871094,4426
7,oc,plsr,ICRAF.ISRIC,3698,C2,0.9174516743806151,0.9174516743806151,1.5656271340178705,0.0,0.9725306750977617,82.56062316894531,230.61228942871094,4426
7,oc,plsr,ICRAF.ISRIC,3698,C3n,0.9341138034304383,0.9341138034304383,1.9285539224179287,0.0,0.9725306750977617,82.56062316894531,230.61228942871094,4426
7,oc,hgb,ICRAF.ISRIC,3698,C0,0.6188401851347671,0.6188401851347671,0.8649532417821251,0.0,0.9725306750977617,82.56062316894531,230.61228942871094,4426
7,oc,hgb,ICRAF.ISRIC,3698,C0w,0.7799891097195752,0.7799891097195752,1.2547241682623078,0.0,0.9725306750977617,82.56062316894531,230.61228942871094,4426
7,oc,hgb,ICRAF.ISRIC,3698,C1,0.7654233596515111,0.7654233596515111,1.2547241682623078,0.0,0.9725306750977617,82.56062316894531,230.61228942871094,4426
7,oc,hgb,ICRAF.ISRIC,3698,C1c,0.650966512387694,0.650966512387694,0.9407330360124763,0.0,0.9725306750977617,82.56062316894531,230.61228942871094,4426
7,oc,hgb,ICRAF.ISRIC,3698,C2,0.9183773482167166,0.9183773482167166,2.1202180835773596,0.0,0.9725306750977617,82.56062316894531,230.61228942871094,4426
7,oc,hgb,ICRAF.ISRIC,3698,C3n,0.9349578001633543,0.9349578001633543,2.3746719786843022,0.0,0.9725306750977617,82.56062316894531,230.61228942871094,4426
7,oc,plsr,AFSIS1.SSL,1902,C0,0.8176345231752797,0.8176345231752797,0.9644319486386839,0.0,0.954575384830361,75.32563018798828,242.8201904296875,4786
7,oc,plsr,AFSIS1.SSL,1902,C0w,0.9510921683537559,0.9510921683537559,1.706293136382391,0.0,0.954575384830361,75.32563018798828,242.8201904296875,4786
7,oc,plsr,AFSIS1.SSL,1902,C1,0.9483217900905702,0.9483217900905702,1.706293136382391,0.0,0.954575384830361,75.32563018798828,242.8201904296875,4786
7,oc,plsr,AFSIS1.SSL,1902,C1c,0.8855087906233351,0.8855087906233351,1.2622441255997916,0.0,0.954575384830361,75.32563018798828,242.8201904296875,4786
7,oc,plsr,AFSIS1.SSL,1902,C2,0.9124667021843367,0.9124667021843367,1.5509239694916497,0.0,0.954575384830361,75.32563018798828,242.8201904296875,4786
7,oc,plsr,AFSIS1.SSL,1902,C3n,0.9237613212573255,0.9237613212573255,1.4603683782008567,0.0,0.954575384830361,75.32563018798828,242.8201904296875,4786
7,oc,hgb,AFSIS1.SSL,1902,C0,0.8774640383590837,0.8774640383590837,1.1499246659515072,0.0,0.954575384830361,75.32563018798828,242.8201904296875,4786
7,oc,hgb,AFSIS1.SSL,1902,C0w,0.8974427277570591,0.8974427277570591,1.2401024267341088,0.0,0.954575384830361,75.32563018798828,242.8201904296875,4786
7,oc,hgb,AFSIS1.SSL,1902,C1,0.902184336707512,0.902184336707512,1.2401024267341088,0.0,0.954575384830361,75.32563018798828,242.8201904296875,4786
7,oc,hgb,AFSIS1.SSL,1902,C1c,0.8885455514118273,0.8885455514118273,1.210913736244731,0.0,0.954575384830361,75.32563018798828,242.8201904296875,4786
7,oc,hgb,AFSIS1.SSL,1902,C2,0.9124667021843367,0.9124667021843367,1.3585061969920615,0.0,0.954575384830361,75.32563018798828,242.8201904296875,4786
7,oc,hgb,AFSIS1.SSL,1902,C3n,0.9199786893979756,0.9199786893979756,1.6426787108976386,0.0,0.954575384830361,75.32563018798828,242.8201904296875,4786
7,oc,plsr,AFSIS2.SSL,151,C0,0.5865079365079364,0.5865079365079364,1.370764312149795,0.0,0.9757625693713767,19.255958557128906,242.7880096435547,5136
7,oc,plsr,AFSIS2.SSL,151,C0w,0.7222222222222223,0.7222222222222223,1.712958244327715,0.0,0.9757625693713767,19.255958557128906,242.7880096435547,5136
7,oc,plsr,AFSIS2.SSL,151,C1,0.8722222222222223,0.7632224627752503,1.712958244327715,0.4603174603174603,0.9757625693713767,19.255958557128906,242.7880096435547,5136
7,oc,plsr,AFSIS2.SSL,151,C1c,0.7865079365079366,0.7865079365079366,1.712958244327715,0.0,0.9757625693713767,19.255958557128906,242.7880096435547,5136
7,oc,plsr,AFSIS2.SSL,151,C2,0.9206349206349207,0.9206349206349207,2.255592453538295,0.0,0.9757625693713767,19.255958557128906,242.7880096435547,5136
7,oc,plsr,AFSIS2.SSL,151,C3n,0.9253968253968254,0.9253968253968254,2.142722771716829,0.0,0.9757625693713767,19.255958557128906,242.7880096435547,5136
7,oc,hgb,AFSIS2.SSL,151,C0,0.8563492063492065,0.8563492063492065,1.6304227175348551,0.0,0.9757625693713767,19.255958557128906,242.7880096435547,5136
7,oc,hgb,AFSIS2.SSL,151,C0w,0.8087301587301587,0.8087301587301587,1.4483660843174726,0.0,0.9757625693713767,19.255958557128906,242.7880096435547,5136
7,oc,hgb,AFSIS2.SSL,151,C1,0.8896825396825397,0.7953235605866323,1.4483660843174726,0.46031746031746035,0.9757625693713767,19.255958557128906,242.7880096435547,5136
7,oc,hgb,AFSIS2.SSL,151,C1c,0.8833333333333334,0.8833333333333334,1.8133525675753028,0.0,0.9757625693713767,19.255958557128906,242.7880096435547,5136
7,oc,hgb,AFSIS2.SSL,151,C2,0.9428571428571428,0.9428571428571428,2.3468276778170076,0.0,0.9757625693713767,19.255958557128906,242.7880096435547,5136
7,oc,hgb,AFSIS2.SSL,151,C3n,0.9484126984126984,0.9484126984126984,4.251485398265244,0.0,0.9757625693713767,19.255958557128906,242.7880096435547,5136
7,n.tot,plsr,KSSL.SSL,76594,C0,0.33387924617012105,0.33387924617012105,0.2957248702798883,0.0,0.9647260195437324,129.32583618164062,221.65081787109375,772
7,n.tot,plsr,KSSL.SSL,76594,C0w,0.4879781634865285,0.4879781634865285,0.4293313592584528,0.0,0.9647260195437324,129.32583618164062,221.65081787109375,772
7,n.tot,plsr,KSSL.SSL,76594,C1,0.4868419334195301,0.4868419334195301,0.4293313592584528,0.0,0.9647260195437324,129.32583618164062,221.65081787109375,772
7,n.tot,plsr,KSSL.SSL,76594,C1c,0.41834293251838217,0.41834293251838217,0.36660849807961127,0.0,0.9647260195437324,129.32583618164062,221.65081787109375,772
7,n.tot,plsr,KSSL.SSL,76594,C2,0.9281380193028509,0.9281380193028509,2.6656175793472086,0.0,0.9647260195437324,129.32583618164062,221.65081787109375,772
7,n.tot,plsr,KSSL.SSL,76594,C3n,0.935735088612885,0.935735088612885,1.3439665444441955,0.0,0.9647260195437324,129.32583618164062,221.65081787109375,772
7,n.tot,hgb,KSSL.SSL,76594,C0,0.48808003238908704,0.48808003238908704,0.3103364308581087,0.0,0.9647260195437324,129.32583618164062,221.65081787109375,772
7,n.tot,hgb,KSSL.SSL,76594,C0w,0.5916741762332014,0.5916741762332014,0.4287467710746594,0.0,0.9647260195437324,129.32583618164062,221.65081787109375,772
7,n.tot,hgb,KSSL.SSL,76594,C1,0.5907469080176051,0.5907469080176051,0.4287467710746594,0.0,0.9647260195437324,129.32583618164062,221.65081787109375,772
7,n.tot,hgb,KSSL.SSL,76594,C1c,0.53937102482728,0.53937102482728,0.3643868633829132,0.0,0.9647260195437324,129.32583618164062,221.65081787109375,772
7,n.tot,hgb,KSSL.SSL,76594,C2,0.9291893586177172,0.9291893586177172,3.718704599595257,0.0,0.9647260195437324,129.32583618164062,221.65081787109375,772
7,n.tot,hgb,KSSL.SSL,76594,C3n,0.9049432537972285,0.9049432537972285,1.0069875728650244,0.0,0.9647260195437324,129.32583618164062,221.65081787109375,772
7,n.tot,plsr,AFSIS1.SSL,1902,C0,0.8349493873201919,0.8349493873201919,3.13003854365619,0.0,0.9764841324184867,70.61125946044922,316.1192626953125,15710
7,n.tot,plsr,AFSIS1.SSL,1902,C0w,0.9008524240809803,0.9008524240809803,3.8434443700290344,0.0,0.9764841324184867,70.61125946044922,316.1192626953125,15710
7,n.tot,plsr,AFSIS1.SSL,1902,C1,0.9035162493340436,0.9035162493340436,3.8434443700290344,0.0,0.9764841324184867,70.61125946044922,316.1192626953125,15710
7,n.tot,plsr,AFSIS1.SSL,1902,C1c,0.8887586574320725,0.8887586574320725,3.6188314973461106,0.0,0.9764841324184867,70.61125946044922,316.1192626953125,15710
7,n.tot,plsr,AFSIS1.SSL,1902,C2,0.9343633457645177,0.9343633457645177,4.5729818404478575,0.0,0.9764841324184867,70.61125946044922,316.1192626953125,15710
7,n.tot,plsr,AFSIS1.SSL,1902,C3n,0.9291955247735748,0.9291955247735748,2.0304537689341506,0.0,0.9764841324184867,70.61125946044922,316.1192626953125,15710
7,n.tot,hgb,AFSIS1.SSL,1902,C0,0.9276505061267981,0.9276505061267981,2.5433033382135473,0.0,0.9764841324184867,70.61125946044922,316.1192626953125,15710
7,n.tot,hgb,AFSIS1.SSL,1902,C0w,0.883697389451252,0.883697389451252,2.027314527694093,0.0,0.9764841324184867,70.61125946044922,316.1192626953125,15710
7,n.tot,hgb,AFSIS1.SSL,1902,C1,0.887480021310602,0.887480021310602,2.027314527694093,0.0,0.9764841324184867,70.61125946044922,316.1192626953125,15710
7,n.tot,hgb,AFSIS1.SSL,1902,C1c,0.9027171017581246,0.9027171017581246,2.1565184272990807,0.0,0.9764841324184867,70.61125946044922,316.1192626953125,15710
7,n.tot,hgb,AFSIS1.SSL,1902,C2,0.9517847629195524,0.9517847629195524,3.204690469909936,0.0,0.9764841324184867,70.61125946044922,316.1192626953125,15710
7,n.tot,hgb,AFSIS1.SSL,1902,C3n,0.9057538625466168,0.9057538625466168,1.3682050216221082,0.0,0.9764841324184867,70.61125946044922,316.1192626953125,15710
7,n.tot,plsr,CAF.SSL,1578,C0,0.6345782356728913,0.6345782356728913,1.9897038857978926,0.0,0.9982961440889889,24.025827407836914,338.80267333984375,15775
7,n.tot,plsr,CAF.SSL,1578,C0w,0.9866709594333546,0.9866709594333546,6.018459251218648,0.0,0.9982961440889889,24.025827407836914,338.80267333984375,15775
7,n.tot,plsr,CAF.SSL,1578,C1,0.9664520283322602,0.9664520283322602,6.018459251218648,0.0,0.9982961440889889,24.025827407836914,338.80267333984375,15775
7,n.tot,plsr,CAF.SSL,1578,C1c,0.7100450740502253,0.7100450740502253,2.3404192857874984,0.0,0.9982961440889889,24.025827407836914,338.80267333984375,15775
7,n.tot,plsr,CAF.SSL,1578,C2,0.9444945267224727,0.9444945267224727,4.619516549890886,0.0,0.9982961440889889,24.025827407836914,338.80267333984375,15775
7,n.tot,plsr,CAF.SSL,1578,C3n,0.9186091435930457,0.9186091435930457,2.8910212013124994,0.0,0.9982961440889889,24.025827407836914,338.80267333984375,15775
7,n.tot,hgb,CAF.SSL,1578,C0,0.8555698647778494,0.8555698647778494,1.5656980562284422,0.0,0.9982961440889889,24.025827407836914,338.80267333984375,15775
7,n.tot,hgb,CAF.SSL,1578,C0w,0.9987121699935606,0.9987121699935606,7.536630474609793,0.0,0.9982961440889889,24.025827407836914,338.80267333984375,15775
7,n.tot,hgb,CAF.SSL,1578,C1,0.9658081133290406,0.9658081133290406,7.536630474609793,0.0,0.9982961440889889,24.025827407836914,338.80267333984375,15775
7,n.tot,hgb,CAF.SSL,1578,C1c,0.8858338699291692,0.8858338699291692,1.8132139310984412,0.0,0.9982961440889889,24.025827407836914,338.80267333984375,15775
7,n.tot,hgb,CAF.SSL,1578,C2,0.90888602704443,0.90888602704443,2.221945584915158,0.0,0.9982961440889889,24.025827407836914,338.80267333984375,15775
7,n.tot,hgb,CAF.SSL,1578,C3n,0.9262073406310367,0.9262073406310367,2.1651071543225076,0.0,0.9982961440889889,24.025827407836914,338.80267333984375,15775
7,n.tot,plsr,GARRETT.SSL,184,C0,0.8251572327044026,0.8251572327044026,1.8992336927002937,0.0,0.9635635301509579,104.75834655761719,1784.6912841796875,16054
7,n.tot,plsr,GARRETT.SSL,184,C0w,0.8339622641509434,0.8339622641509434,1.9446429482482865,0.0,0.9635635301509579,104.75834655761719,1784.6912841796875,16054
7,n.tot,plsr,GARRETT.SSL,184,C1,0.829559748427673,0.827854642592556,1.9446429482482865,0.010062893081761008,0.9635635301509579,104.75834655761719,1784.6912841796875,16054
7,n.tot,plsr,GARRETT.SSL,184,C1c,0.829559748427673,0.829559748427673,1.9044995924094636,0.0,0.9635635301509579,104.75834655761719,1784.6912841796875,16054
7,n.tot,plsr,GARRETT.SSL,184,C2,0.9220125786163521,0.9220125786163521,3.048178587722773,0.0,0.9635635301509579,104.75834655761719,1784.6912841796875,16054
7,n.tot,plsr,GARRETT.SSL,184,C3n,0.9088050314465409,0.9088050314465409,1.8020392339040976,0.0,0.9635635301509579,104.75834655761719,1784.6912841796875,16054
7,n.tot,hgb,GARRETT.SSL,184,C0,0.7572327044025158,0.7572327044025158,1.5226868056113363,0.0,0.9635635301509579,104.75834655761719,1784.6912841796875,16054
7,n.tot,hgb,GARRETT.SSL,184,C0w,0.7849056603773585,0.7849056603773585,1.6148969933190631,0.0,0.9635635301509579,104.75834655761719,1784.6912841796875,16054
7,n.tot,hgb,GARRETT.SSL,184,C1,0.7974842767295598,0.7949044585987262,1.6148969933190631,0.012578616352201259,0.9635635301509579,104.75834655761719,1784.6912841796875,16054
7,n.tot,hgb,GARRETT.SSL,184,C1c,0.779874213836478,0.779874213836478,1.5437343755996913,0.0,0.9635635301509579,104.75834655761719,1784.6912841796875,16054
7,n.tot,hgb,GARRETT.SSL,184,C2,0.9421383647798743,0.9421383647798743,3.264081651224682,0.0,0.9635635301509579,104.75834655761719,1784.6912841796875,16054
7,n.tot,hgb,GARRETT.SSL,184,C3n,0.9522012578616353,0.9522012578616353,1.9626982041988774,0.0,0.9635635301509579,104.75834655761719,1784.6912841796875,16054
7,n.tot,plsr,AFSIS2.SSL,151,C0,0.9111111111111111,0.9111111111111111,3.8694917409493685,0.0,0.9804272883969881,124.64617156982422,1678.415771484375,16060
7,n.tot,plsr,AFSIS2.SSL,151,C0w,0.9658730158730158,0.9658730158730158,4.812395123712616,0.0,0.9804272883969881,124.64617156982422,1678.415771484375,16060
7,n.tot,plsr,AFSIS2.SSL,151,C1,0.9706349206349205,0.9585182248648154,4.812395123712616,0.292063492063492,0.9804272883969881,124.64617156982422,1678.415771484375,16060
7,n.tot,plsr,AFSIS2.SSL,151,C1c,0.9349206349206349,0.9349206349206349,4.163416917738699,0.0,0.9804272883969881,124.64617156982422,1678.415771484375,16060
7,n.tot,plsr,AFSIS2.SSL,151,C2,0.9182539682539683,0.9182539682539683,3.9327018265573037,0.0,0.9804272883969881,124.64617156982422,1678.415771484375,16060
7,n.tot,plsr,AFSIS2.SSL,151,C3n,0.9261904761904762,0.9261904761904762,2.5113615483762195,0.0,0.9804272883969881,124.64617156982422,1678.415771484375,16060
7,n.tot,hgb,AFSIS2.SSL,151,C0,0.9468253968253968,0.9468253968253968,3.0901690834422526,0.0,0.9804272883969881,124.64617156982422,1678.415771484375,16060
7,n.tot,hgb,AFSIS2.SSL,151,C0w,0.9317460317460318,0.9317460317460318,2.9597722278491894,0.0,0.9804272883969881,124.64617156982422,1678.415771484375,16060
7,n.tot,hgb,AFSIS2.SSL,151,C1,0.9388888888888889,0.913074549694646,2.9597722278491894,0.296031746031746,0.9804272883969881,124.64617156982422,1678.415771484375,16060
7,n.tot,hgb,AFSIS2.SSL,151,C1c,0.9468253968253968,0.9468253968253968,3.115944318869926,0.0,0.9804272883969881,124.64617156982422,1678.415771484375,16060
7,n.tot,hgb,AFSIS2.SSL,151,C2,0.9150793650793652,0.9150793650793652,2.932895941163795,0.0,0.9804272883969881,124.64617156982422,1678.415771484375,16060
7,n.tot,hgb,AFSIS2.SSL,151,C3n,0.9095238095238095,0.9095238095238095,2.661109284822314,0.0,0.9804272883969881,124.64617156982422,1678.415771484375,16060
7,ph.h2o,plsr,KSSL.SSL,52867,C0,0.7933178153741343,0.7933178153741343,1.342696514624802,0.0,0.9649071404677214,211.79734802246094,381.65081787109375,1308
7,ph.h2o,plsr,KSSL.SSL,52867,C0w,0.838607547026986,0.838607547026986,1.5069592366527116,0.0,0.9649071404677214,211.79734802246094,381.65081787109375,1308
7,ph.h2o,plsr,KSSL.SSL,52867,C1,0.8374910109382687,0.8374910109382687,1.5069592366527116,0.0,0.9649071404677214,211.79734802246094,381.65081787109375,1308
7,ph.h2o,plsr,KSSL.SSL,52867,C1c,0.8138639718405812,0.8138639718405812,1.4154011786166287,0.0,0.9649071404677214,211.79734802246094,381.65081787109375,1308
7,ph.h2o,plsr,KSSL.SSL,52867,C2,0.9062280004541841,0.9062280004541841,2.153175036915238,0.0,0.9649071404677214,211.79734802246094,381.65081787109375,1308
7,ph.h2o,plsr,KSSL.SSL,52867,C3n,0.9161405700011354,0.9161405700011354,2.3252661830160184,0.0,0.9649071404677214,211.79734802246094,381.65081787109375,1308
7,ph.h2o,hgb,KSSL.SSL,52867,C0,0.7588830854244729,0.7588830854244729,1.202835616783244,0.0,0.9649071404677214,211.79734802246094,381.65081787109375,1308
7,ph.h2o,hgb,KSSL.SSL,52867,C0w,0.754038454259869,0.754038454259869,1.189306046487739,0.0,0.9649071404677214,211.79734802246094,381.65081787109375,1308
7,ph.h2o,hgb,KSSL.SSL,52867,C1,0.7516388478861512,0.7516388478861512,1.189306046487739,0.0,0.9649071404677214,211.79734802246094,381.65081787109375,1308
7,ph.h2o,hgb,KSSL.SSL,52867,C1c,0.735914613375724,0.735914613375724,1.1429122652893928,0.0,0.9649071404677214,211.79734802246094,381.65081787109375,1308
7,ph.h2o,hgb,KSSL.SSL,52867,C2,0.9232277355134173,0.9232277355134173,1.992888462742754,0.0,0.9649071404677214,211.79734802246094,381.65081787109375,1308
7,ph.h2o,hgb,KSSL.SSL,52867,C3n,0.9130805041444306,0.9130805041444306,2.2143035062435246,0.0,0.9649071404677214,211.79734802246094,381.65081787109375,1308
7,ph.h2o,plsr,ICRAF.ISRIC,3774,C0,0.7745532141904506,0.7745532141904506,1.3003788836231984,0.0,0.9838869809526777,81.07320404052734,298.0745849609375,11126
7,ph.h2o,plsr,ICRAF.ISRIC,3774,C0w,0.9141371032275274,0.9141371032275274,2.0484012421715168,0.0,0.9838869809526777,81.07320404052734,298.0745849609375,11126
7,ph.h2o,plsr,ICRAF.ISRIC,3774,C1,0.9180848226193652,0.9180848226193652,2.0484012421715168,0.0,0.9838869809526777,81.07320404052734,298.0745849609375,11126
7,ph.h2o,plsr,ICRAF.ISRIC,3774,C1c,0.8486263003467591,0.8486263003467591,1.6502050890735693,0.0,0.9838869809526777,81.07320404052734,298.0745849609375,11126
7,ph.h2o,plsr,ICRAF.ISRIC,3774,C2,0.9051747132568684,0.9051747132568684,2.10555444467583,0.0,0.9838869809526777,81.07320404052734,298.0745849609375,11126
7,ph.h2o,plsr,ICRAF.ISRIC,3774,C3n,0.9108829021072287,0.9108829021072287,1.7505370763331023,0.0,0.9838869809526777,81.07320404052734,298.0745849609375,11126
7,ph.h2o,hgb,ICRAF.ISRIC,3774,C0,0.7439050413443585,0.7439050413443585,1.127436515723984,0.0,0.9838869809526777,81.07320404052734,298.0745849609375,11126
7,ph.h2o,hgb,ICRAF.ISRIC,3774,C0w,0.8722859429181116,0.8722859429181116,1.6159538375470206,0.0,0.9838869809526777,81.07320404052734,298.0745849609375,11126
7,ph.h2o,hgb,ICRAF.ISRIC,3774,C1,0.8781275006668444,0.8781275006668444,1.6159538375470206,0.0,0.9838869809526777,81.07320404052734,298.0745849609375,11126
7,ph.h2o,hgb,ICRAF.ISRIC,3774,C1c,0.8057081888503601,0.8057081888503601,1.3119276858847673,0.0,0.9838869809526777,81.07320404052734,298.0745849609375,11126
7,ph.h2o,hgb,ICRAF.ISRIC,3774,C2,0.9088823686316351,0.9088823686316351,1.983627334885171,0.0,0.9838869809526777,81.07320404052734,298.0745849609375,11126
7,ph.h2o,hgb,ICRAF.ISRIC,3774,C3n,0.9279274473192851,0.9279274473192851,2.3073225702341893,0.0,0.9838869809526777,81.07320404052734,298.0745849609375,11126
7,ph.h2o,plsr,AFSIS1.SSL,1904,C0,0.8970729111229376,0.8970729111229376,1.7745006583282694,0.0,0.9573357690902448,92.45028686523438,326.5121765136719,11500
7,ph.h2o,plsr,AFSIS1.SSL,1904,C0w,0.9376796168174562,0.9376796168174562,2.042646685783428,0.0,0.9573357690902448,92.45028686523438,326.5121765136719,11500
7,ph.h2o,plsr,AFSIS1.SSL,1904,C1,0.9365087812666312,0.9365087812666312,2.042646685783428,0.0,0.9573357690902448,92.45028686523438,326.5121765136719,11500
7,ph.h2o,plsr,AFSIS1.SSL,1904,C1c,0.9339542309739223,0.9339542309739223,2.029003381031929,0.0,0.9573357690902448,92.45028686523438,326.5121765136719,11500
7,ph.h2o,plsr,AFSIS1.SSL,1904,C2,0.9352315061202768,0.9352315061202768,2.0143882033265754,0.0,0.9573357690902448,92.45028686523438,326.5121765136719,11500
7,ph.h2o,plsr,AFSIS1.SSL,1904,C3n,0.9429483767961682,0.9429483767961682,2.2165810679334266,0.0,0.9573357690902448,92.45028686523438,326.5121765136719,11500
7,ph.h2o,hgb,AFSIS1.SSL,1904,C0,0.8530601383714742,0.8530601383714742,1.500356045858377,0.0,0.9573357690902448,92.45028686523438,326.5121765136719,11500
7,ph.h2o,hgb,AFSIS1.SSL,1904,C0w,0.8971793507184673,0.8971793507184673,1.7365308584275956,0.0,0.9573357690902448,92.45028686523438,326.5121765136719,11500
7,ph.h2o,hgb,AFSIS1.SSL,1904,C1,0.897711548696115,0.897711548696115,1.7365308584275956,0.0,0.9573357690902448,92.45028686523438,326.5121765136719,11500
7,ph.h2o,hgb,AFSIS1.SSL,1904,C1c,0.8881319850984566,0.8881319850984566,1.6583639536728405,0.0,0.9573357690902448,92.45028686523438,326.5121765136719,11500
7,ph.h2o,hgb,AFSIS1.SSL,1904,C2,0.9412985630654603,0.9412985630654603,2.321113070742595,0.0,0.9573357690902448,92.45028686523438,326.5121765136719,11500
7,ph.h2o,hgb,AFSIS1.SSL,1904,C3n,0.9316125598722726,0.9316125598722726,2.3215085053932274,0.0,0.9573357690902448,92.45028686523438,326.5121765136719,11500
7,ph.h2o,plsr,CAF.SSL,483,C0,0.8414847161572052,0.8414847161572052,1.9868049763725035,0.0,0.9976282269193301,12.400826454162598,332.6849060058594,11785
7,ph.h2o,plsr,CAF.SSL,483,C0w,0.6652838427947598,0.6652838427947598,1.1827589614906866,0.0,0.9976282269193301,12.400826454162598,332.6849060058594,11785
7,ph.h2o,plsr,CAF.SSL,483,C1,0.7910480349344977,0.6881613774704696,1.1827589614906866,0.32991266375545847,0.9976282269193301,12.400826454162598,332.6849060058594,11785
7,ph.h2o,plsr,CAF.SSL,483,C1c,0.8227074235807861,0.8227074235807861,1.991403900194909,0.0,0.9976282269193301,12.400826454162598,332.6849060058594,11785
7,ph.h2o,plsr,CAF.SSL,483,C2,0.9349344978165938,0.9349344978165938,3.3083033602242016,0.0,0.9976282269193301,12.400826454162598,332.6849060058594,11785
7,ph.h2o,plsr,CAF.SSL,483,C3n,0.9331877729257642,0.9331877729257642,2.961985795947177,0.0,0.9976282269193301,12.400826454162598,332.6849060058594,11785
7,ph.h2o,hgb,CAF.SSL,483,C0,0.8253275109170305,0.8253275109170305,1.703994800769391,0.0,0.9976282269193301,12.400826454162598,332.6849060058594,11785
7,ph.h2o,hgb,CAF.SSL,483,C0w,0.9115720524017468,0.9115720524017468,2.7224660836579657,0.0,0.9976282269193301,12.400826454162598,332.6849060058594,11785
7,ph.h2o,hgb,CAF.SSL,483,C1,0.9174672489082969,0.8768728455566116,2.7224660836579657,0.32969432314410485,0.9976282269193301,12.400826454162598,332.6849060058594,11785
7,ph.h2o,hgb,CAF.SSL,483,C1c,0.862882096069869,0.862882096069869,2.122966869242586,0.0,0.9976282269193301,12.400826454162598,332.6849060058594,11785
7,ph.h2o,hgb,CAF.SSL,483,C2,0.9314410480349344,0.9314410480349344,3.22685082501098,0.0,0.9976282269193301,12.400826454162598,332.6849060058594,11785
7,ph.h2o,hgb,CAF.SSL,483,C3n,0.9227074235807858,0.9227074235807858,3.2292476069179092,0.0,0.9976282269193301,12.400826454162598,332.6849060058594,11785
7,ph.h2o,plsr,GARRETT.SSL,184,C0,0.8622641509433964,0.8622641509433964,2.8246957892471993,0.0,0.9733432264364271,159.91322326660156,1185.7696533203125,11844
7,ph.h2o,plsr,GARRETT.SSL,184,C0w,0.9616352201257861,0.9616352201257861,3.449027759964687,0.0,0.9733432264364271,159.91322326660156,1185.7696533203125,11844
7,ph.h2o,plsr,GARRETT.SSL,184,C1,0.949685534591195,0.949367088607595,3.449027759964687,0.006289308176100629,0.9733432264364271,159.91322326660156,1185.7696533203125,11844
7,ph.h2o,plsr,GARRETT.SSL,184,C1c,0.9125786163522012,0.9125786163522012,3.050864720750524,0.0,0.9733432264364271,159.91322326660156,1185.7696533203125,11844
7,ph.h2o,plsr,GARRETT.SSL,184,C2,0.9150943396226416,0.9150943396226416,3.1959184779794096,0.0,0.9733432264364271,159.91322326660156,1185.7696533203125,11844
7,ph.h2o,plsr,GARRETT.SSL,184,C3n,0.9433962264150944,0.9433962264150944,1.7600452682649315,0.0,0.9733432264364271,159.91322326660156,1185.7696533203125,11844
7,ph.h2o,hgb,GARRETT.SSL,184,C0,0.6924528301886792,0.6924528301886792,2.423828609452221,0.0,0.9733432264364271,159.91322326660156,1185.7696533203125,11844
7,ph.h2o,hgb,GARRETT.SSL,184,C0w,0.6547169811320754,0.6547169811320754,2.368804606844662,0.0,0.9733432264364271,159.91322326660156,1185.7696533203125,11844
7,ph.h2o,hgb,GARRETT.SSL,184,C1,0.6654088050314465,0.6632911392405063,2.368804606844662,0.006289308176100629,0.9733432264364271,159.91322326660156,1185.7696533203125,11844
7,ph.h2o,hgb,GARRETT.SSL,184,C1c,0.6654088050314465,0.6654088050314465,2.368804606844662,0.0,0.9733432264364271,159.91322326660156,1185.7696533203125,11844
7,ph.h2o,hgb,GARRETT.SSL,184,C2,0.9220125786163523,0.9220125786163523,3.8089759943441206,0.0,0.9733432264364271,159.91322326660156,1185.7696533203125,11844
7,ph.h2o,hgb,GARRETT.SSL,184,C3n,0.909433962264151,0.909433962264151,1.8919142902024066,0.0,0.9733432264364271,159.91322326660156,1185.7696533203125,11844
7,ph.h2o,plsr,AFSIS2.SSL,151,C0,0.823015873015873,0.823015873015873,2.4120786577612594,0.0,0.98031182994589,7.763331890106201,697.4720458984375,11851
7,ph.h2o,plsr,AFSIS2.SSL,151,C0w,0.7642857142857142,0.7642857142857142,2.1390512218457447,0.0,0.98031182994589,7.763331890106201,697.4720458984375,11851
7,ph.h2o,plsr,AFSIS2.SSL,151,C1,0.9253968253968254,0.8910115445901331,2.1390512218457447,0.3158730158730159,0.98031182994589,7.763331890106201,697.4720458984375,11851
7,ph.h2o,plsr,AFSIS2.SSL,151,C1c,0.8547619047619047,0.8547619047619047,2.5087948721593087,0.0,0.98031182994589,7.763331890106201,697.4720458984375,11851
7,ph.h2o,plsr,AFSIS2.SSL,151,C2,0.930952380952381,0.930952380952381,4.072808216338109,0.0,0.98031182994589,7.763331890106201,697.4720458984375,11851
7,ph.h2o,plsr,AFSIS2.SSL,151,C3n,0.9079365079365079,0.9079365079365079,2.9001423771799013,0.0,0.98031182994589,7.763331890106201,697.4720458984375,11851
7,ph.h2o,hgb,AFSIS2.SSL,151,C0,0.7960317460317461,0.7960317460317461,2.0994998657271395,0.0,0.98031182994589,7.763331890106201,697.4720458984375,11851
7,ph.h2o,hgb,AFSIS2.SSL,151,C0w,0.8388888888888888,0.8388888888888888,2.356442942848199,0.0,0.98031182994589,7.763331890106201,697.4720458984375,11851
7,ph.h2o,hgb,AFSIS2.SSL,151,C1,0.9111111111111111,0.8677639312419082,2.356442942848199,0.32698412698412704,0.98031182994589,7.763331890106201,697.4720458984375,11851
7,ph.h2o,hgb,AFSIS2.SSL,151,C1c,0.8388888888888888,0.8388888888888888,2.356442942848199,0.0,0.98031182994589,7.763331890106201,697.4720458984375,11851
7,ph.h2o,hgb,AFSIS2.SSL,151,C2,0.915079365079365,0.915079365079365,3.135223642261529,0.0,0.98031182994589,7.763331890106201,697.4720458984375,11851
7,ph.h2o,hgb,AFSIS2.SSL,151,C3n,0.9261904761904762,0.9261904761904762,3.471287453857987,0.0,0.98031182994589,7.763331890106201,697.4720458984375,11851
2026,clay.tot,plsr,KSSL.SSL,50007,C0,0.6308130927133768,0.6308130927133768,2.303595219433756,0.0,0.9700250921257317,187.60919189453125,357.55389404296875,1284
2026,clay.tot,plsr,KSSL.SSL,50007,C0w,0.7586871273658516,0.7586871273658516,2.7593116098820363,0.0,0.9700250921257317,187.60919189453125,357.55389404296875,1284
2026,clay.tot,plsr,KSSL.SSL,50007,C1,0.7559061262054338,0.7559061262054338,2.7593116098820363,0.0,0.9700250921257317,187.60919189453125,357.55389404296875,1284
2026,clay.tot,plsr,KSSL.SSL,50007,C1c,0.6796646792845424,0.6796646792845424,2.4648494485482098,0.0,0.9700250921257317,187.60919189453125,357.55389404296875,1284
2026,clay.tot,plsr,KSSL.SSL,50007,C2,0.9310611820255292,0.9310611820255292,3.857273790407329,0.0,0.9700250921257317,187.60919189453125,357.55389404296875,1284
2026,clay.tot,plsr,KSSL.SSL,50007,C3n,0.9302929054459605,0.9302929054459605,4.073523063567373,0.0,0.9700250921257317,187.60919189453125,357.55389404296875,1284
2026,clay.tot,hgb,KSSL.SSL,50007,C0,0.7558701132407668,0.7558701132407668,1.9836874310316668,0.0,0.9700250921257317,187.60919189453125,357.55389404296875,1284
2026,clay.tot,hgb,KSSL.SSL,50007,C0w,0.8415809691488937,0.8415809691488937,2.436075825248111,0.0,0.9700250921257317,187.60919189453125,357.55389404296875,1284
2026,clay.tot,hgb,KSSL.SSL,50007,C1,0.8399203713336801,0.8399203713336801,2.436075825248111,0.0,0.9700250921257317,187.60919189453125,357.55389404296875,1284
2026,clay.tot,hgb,KSSL.SSL,50007,C1c,0.7897243007482694,0.7897243007482694,2.143492094064447,0.0,0.9700250921257317,187.60919189453125,357.55389404296875,1284
2026,clay.tot,hgb,KSSL.SSL,50007,C2,0.9098295386339084,0.9098295386339084,2.9614613977846793,0.0,0.9700250921257317,187.60919189453125,357.55389404296875,1284
2026,clay.tot,hgb,KSSL.SSL,50007,C3n,0.9481693409627466,0.9481693409627466,3.3236200479654556,0.0,0.9700250921257317,187.60919189453125,357.55389404296875,1284
2026,clay.tot,plsr,ICRAF.ISRIC,3738,C0,0.3815782386210611,0.3815782386210611,0.9003396520683191,0.0,0.9849598045687745,86.16203308105469,292.889404296875,10538
2026,clay.tot,plsr,ICRAF.ISRIC,3738,C0w,0.9355776999730676,0.9355776999730676,2.5378547302961483,0.0,0.9849598045687745,86.16203308105469,292.889404296875,10538
2026,clay.tot,plsr,ICRAF.ISRIC,3738,C1,0.9305144088338272,0.9305144088338272,2.5378547302961483,0.0,0.9849598045687745,86.16203308105469,292.889404296875,10538
2026,clay.tot,plsr,ICRAF.ISRIC,3738,C1c,0.8887691893347697,0.8887691893347697,2.227906884907999,0.0,0.9849598045687745,86.16203308105469,292.889404296875,10538
2026,clay.tot,plsr,ICRAF.ISRIC,3738,C2,0.8852679773767843,0.8852679773767843,2.2341710216174984,0.0,0.9849598045687745,86.16203308105469,292.889404296875,10538
2026,clay.tot,plsr,ICRAF.ISRIC,3738,C3n,0.9064907083221115,0.9064907083221115,2.0878707918762243,0.0,0.9849598045687745,86.16203308105469,292.889404296875,10538
2026,clay.tot,hgb,ICRAF.ISRIC,3738,C0,0.41968758416374896,0.41968758416374896,0.8099844846646698,0.0,0.9849598045687745,86.16203308105469,292.889404296875,10538
2026,clay.tot,hgb,ICRAF.ISRIC,3738,C0w,0.78758416374899,0.78758416374899,1.6564568324856532,0.0,0.9849598045687745,86.16203308105469,292.889404296875,10538
2026,clay.tot,hgb,ICRAF.ISRIC,3738,C1,0.8130352814435767,0.8130352814435767,1.6564568324856532,0.0,0.9849598045687745,86.16203308105469,292.889404296875,10538
2026,clay.tot,hgb,ICRAF.ISRIC,3738,C1c,0.7806356046323727,0.7806356046323727,1.6313797054280548,0.0,0.9849598045687745,86.16203308105469,292.889404296875,10538
2026,clay.tot,hgb,ICRAF.ISRIC,3738,C2,0.9126582278481011,0.9126582278481011,2.310259250403994,0.0,0.9849598045687745,86.16203308105469,292.889404296875,10538
2026,clay.tot,hgb,ICRAF.ISRIC,3738,C3n,0.9119041206571505,0.9119041206571505,2.4793454323976265,0.0,0.9849598045687745,86.16203308105469,292.889404296875,10538
2026,clay.tot,plsr,AFSIS1.SSL,1896,C0,0.3373062533404597,0.3373062533404597,0.8427494099871835,0.0,0.9569128710940673,84.61064910888672,326.00567626953125,10906
2026,clay.tot,plsr,AFSIS1.SSL,1896,C0w,0.4524853019775522,0.4524853019775522,1.1054926568904173,0.0,0.9569128710940673,84.61064910888672,326.00567626953125,10906
2026,clay.tot,plsr,AFSIS1.SSL,1896,C1,0.4577231427044362,0.4577231427044362,1.1054926568904173,0.0,0.9569128710940673,84.61064910888672,326.00567626953125,10906
2026,clay.tot,plsr,AFSIS1.SSL,1896,C1c,0.4863174772848745,0.4863174772848745,1.183520725888272,0.0,0.9569128710940673,84.61064910888672,326.00567626953125,10906
2026,clay.tot,plsr,AFSIS1.SSL,1896,C2,0.9362907536076964,0.9362907536076964,2.9669221927180587,0.0,0.9569128710940673,84.61064910888672,326.00567626953125,10906
2026,clay.tot,plsr,AFSIS1.SSL,1896,C3n,0.9246926777124532,0.9246926777124532,2.608276807685462,0.0,0.9569128710940673,84.61064910888672,326.00567626953125,10906
2026,clay.tot,hgb,AFSIS1.SSL,1896,C0,0.3035809727418493,0.3035809727418493,0.7574639601379339,0.0,0.9569128710940673,84.61064910888672,326.00567626953125,10906
2026,clay.tot,hgb,AFSIS1.SSL,1896,C0w,0.4011223944414751,0.4011223944414751,0.9797405705174814,0.0,0.9569128710940673,84.61064910888672,326.00567626953125,10906
2026,clay.tot,hgb,AFSIS1.SSL,1896,C1,0.4111170497060395,0.4111170497060395,0.9797405705174814,0.0,0.9569128710940673,84.61064910888672,326.00567626953125,10906
2026,clay.tot,hgb,AFSIS1.SSL,1896,C1c,0.4016568679850347,0.4016568679850347,0.9797405705174814,0.0,0.9569128710940673,84.61064910888672,326.00567626953125,10906
2026,clay.tot,hgb,AFSIS1.SSL,1896,C2,0.9191876002137894,0.9191876002137894,3.088290924949896,0.0,0.9569128710940673,84.61064910888672,326.00567626953125,10906
2026,clay.tot,hgb,AFSIS1.SSL,1896,C3n,0.9047033671833244,0.9047033671833244,2.7393906739705463,0.0,0.9569128710940673,84.61064910888672,326.00567626953125,10906
2026,clay.tot,plsr,CAF.SSL,511,C0,0.5199588477366255,0.5199588477366255,0.9922396963548656,0.0,0.995224002465302,36.32118225097656,262.2030029296875,11183
2026,clay.tot,plsr,CAF.SSL,511,C0w,0.6806584362139918,0.6806584362139918,1.5656067087821306,0.0,0.995224002465302,36.32118225097656,262.2030029296875,11183
2026,clay.tot,plsr,CAF.SSL,511,C1,0.7532921810699588,0.6631134130829468,1.5656067087821306,0.26769547325102877,0.995224002465302,36.32118225097656,262.2030029296875,11183
2026,clay.tot,plsr,CAF.SSL,511,C1c,0.6384773662551442,0.6384773662551442,1.373106214784708,0.0,0.995224002465302,36.32118225097656,262.2030029296875,11183
2026,clay.tot,plsr,CAF.SSL,511,C2,0.9067901234567902,0.9067901234567902,3.0502046333841273,0.0,0.995224002465302,36.32118225097656,262.2030029296875,11183
2026,clay.tot,plsr,CAF.SSL,511,C3n,0.9242798353909466,0.9242798353909466,3.677669855465199,0.0,0.995224002465302,36.32118225097656,262.2030029296875,11183
2026,clay.tot,hgb,CAF.SSL,511,C0,0.4366255144032921,0.4366255144032921,0.891089344722794,0.0,0.995224002465302,36.32118225097656,262.2030029296875,11183
2026,clay.tot,hgb,CAF.SSL,511,C0w,0.6623456790123456,0.6623456790123456,1.4709259832209458,0.0,0.995224002465302,36.32118225097656,262.2030029296875,11183
2026,clay.tot,hgb,CAF.SSL,511,C1,0.7502057613168723,0.6600348450151807,1.4709259832209458,0.2652263374485596,0.995224002465302,36.32118225097656,262.2030029296875,11183
2026,clay.tot,hgb,CAF.SSL,511,C1c,0.637448559670782,0.637448559670782,1.3893598209455227,0.0,0.995224002465302,36.32118225097656,262.2030029296875,11183
2026,clay.tot,hgb,CAF.SSL,511,C2,0.9376543209876542,0.9376543209876542,3.012644955689414,0.0,0.995224002465302,36.32118225097656,262.2030029296875,11183
2026,clay.tot,hgb,CAF.SSL,511,C3n,0.9502057613168725,0.9502057613168725,3.1593218915833017,0.0,0.995224002465302,36.32118225097656,262.2030029296875,11183
2026,clay.tot,plsr,GARRETT.SSL,142,C0,0.2683760683760684,0.2683760683760684,0.7857502577312485,0.0,0.9819842927155186,565.9343872070312,4323.24658203125,11257
2026,clay.tot,plsr,GARRETT.SSL,142,C0w,0.32905982905982906,0.32905982905982906,0.9853617373499155,0.0,0.9819842927155186,565.9343872070312,4323.24658203125,11257
2026,clay.tot,plsr,GARRETT.SSL,142,C1,0.37094017094017095,0.34813028145585195,0.9853617373499155,0.03504273504273504,0.9819842927155186,565.9343872070312,4323.24658203125,11257
2026,clay.tot,plsr,GARRETT.SSL,142,C1c,0.2931623931623931,0.2931623931623931,0.847644260554926,0.0,0.9819842927155186,565.9343872070312,4323.24658203125,11257
2026,clay.tot,plsr,GARRETT.SSL,142,C2,0.9085470085470085,0.9085470085470085,6.328963829378022,0.0,0.9819842927155186,565.9343872070312,4323.24658203125,11257
2026,clay.tot,plsr,GARRETT.SSL,142,C3n,0.9384615384615385,0.9384615384615385,4.321683806463397,0.0,0.9819842927155186,565.9343872070312,4323.24658203125,11257
2026,clay.tot,hgb,GARRETT.SSL,142,C0,0.2777777777777778,0.2777777777777778,0.7090180906188392,0.0,0.9819842927155186,565.9343872070312,4323.24658203125,11257
2026,clay.tot,hgb,GARRETT.SSL,142,C0w,0.3264957264957265,0.3264957264957265,0.9657310244818905,0.0,0.9819842927155186,565.9343872070312,4323.24658203125,11257
2026,clay.tot,hgb,GARRETT.SSL,142,C1,0.34786324786324785,0.3248050990307627,0.9657310244818905,0.03418803418803419,0.9819842927155186,565.9343872070312,4323.24658203125,11257
2026,clay.tot,hgb,GARRETT.SSL,142,C1c,0.2914529914529914,0.2914529914529914,0.7638043949930522,0.0,0.9819842927155186,565.9343872070312,4323.24658203125,11257
2026,clay.tot,hgb,GARRETT.SSL,142,C2,0.9196581196581196,0.9196581196581196,6.702297413463057,0.0,0.9819842927155186,565.9343872070312,4323.24658203125,11257
2026,clay.tot,hgb,GARRETT.SSL,142,C3n,0.9299145299145299,0.9299145299145299,5.280525986182129,0.0,0.9819842927155186,565.9343872070312,4323.24658203125,11257
2026,clay.tot,plsr,SERBIA.SSL,135,C0,0.7481818181818182,0.7481818181818182,1.5808330930634031,0.0,0.9996920708237105,1634.0797119140625,9141.658203125,11258
2026,clay.tot,plsr,SERBIA.SSL,135,C0w,0.8463636363636363,0.8463636363636363,2.239645887181953,0.0,0.9996920708237105,1634.0797119140625,9141.658203125,11258
2026,clay.tot,plsr,SERBIA.SSL,135,C1,0.9645454545454546,0.8740451047948758,2.239645887181953,0.7209090909090909,0.9996920708237105,1634.0797119140625,9141.658203125,11258
2026,clay.tot,plsr,SERBIA.SSL,135,C1c,0.8045454545454545,0.8045454545454545,1.913494404580377,0.0,0.9996920708237105,1634.0797119140625,9141.658203125,11258
2026,clay.tot,plsr,SERBIA.SSL,135,C2,0.919090909090909,0.919090909090909,3.015833727160147,0.0,0.9996920708237105,1634.0797119140625,9141.658203125,11258
2026,clay.tot,plsr,SERBIA.SSL,135,C3n,0.9145454545454544,0.9145454545454544,3.036726251744236,0.0,0.9996920708237105,1634.0797119140625,9141.658203125,11258
2026,clay.tot,hgb,SERBIA.SSL,135,C0,0.7554545454545454,0.7554545454545454,1.404725214596674,0.0,0.9996920708237105,1634.0797119140625,9141.658203125,11258
2026,clay.tot,hgb,SERBIA.SSL,135,C0w,0.8690909090909091,0.8690909090909091,1.8636276989973224,0.0,0.9996920708237105,1634.0797119140625,9141.658203125,11258
2026,clay.tot,hgb,SERBIA.SSL,135,C1,0.9618181818181817,0.8660120430263317,1.8636276989973224,0.7136363636363636,0.9996920708237105,1634.0797119140625,9141.658203125,11258
2026,clay.tot,hgb,SERBIA.SSL,135,C1c,0.8081818181818182,0.8081818181818182,1.6642210215394482,0.0,0.9996920708237105,1634.0797119140625,9141.658203125,11258
2026,clay.tot,hgb,SERBIA.SSL,135,C2,0.9218181818181819,0.9218181818181819,2.1824407921954974,0.0,0.9996920708237105,1634.0797119140625,9141.658203125,11258
2026,clay.tot,hgb,SERBIA.SSL,135,C3n,0.9454545454545455,0.9454545454545455,2.419697551340976,0.0,0.9996920708237105,1634.0797119140625,9141.658203125,11258
2026,oc,plsr,KSSL.SSL,20081,C0,0.45594834463502193,0.45594834463502193,0.30235284303263005,0.0,0.9767742382481386,89.6001205444336,183.92823791503906,1150
2026,oc,plsr,KSSL.SSL,20081,C0w,0.5049760670123653,0.5049760670123653,0.34864057587767944,0.0,0.9767742382481386,89.6001205444336,183.92823791503906,1150
2026,oc,plsr,KSSL.SSL,20081,C1,0.5030813721579578,0.5030813721579578,0.34864057587767944,0.0,0.9767742382481386,89.6001205444336,183.92823791503906,1150
2026,oc,plsr,KSSL.SSL,20081,C1c,0.5035301156761068,0.5035301156761068,0.3474556008560231,0.0,0.9767742382481386,89.6001205444336,183.92823791503906,1150
2026,oc,plsr,KSSL.SSL,20081,C2,0.9208915037893896,0.9208915037893896,0.980869619072587,0.0,0.9767742382481386,89.6001205444336,183.92823791503906,1150
2026,oc,plsr,KSSL.SSL,20081,C3n,0.9380833665735938,0.9380833665735938,0.6533834093818295,0.0,0.9767742382481386,89.6001205444336,183.92823791503906,1150
2026,oc,hgb,KSSL.SSL,20081,C0,0.48605903470283207,0.48605903470283207,0.357536508429091,0.0,0.9767742382481386,89.6001205444336,183.92823791503906,1150
2026,oc,hgb,KSSL.SSL,20081,C0w,0.5600069804547269,0.5600069804547269,0.5209098519390101,0.0,0.9767742382481386,89.6001205444336,183.92823791503906,1150
2026,oc,hgb,KSSL.SSL,20081,C1,0.5582668528121261,0.5582668528121261,0.5209098519390101,0.0,0.9767742382481386,89.6001205444336,183.92823791503906,1150
2026,oc,hgb,KSSL.SSL,20081,C1c,0.5330225368966893,0.5330225368966893,0.44733865120600974,0.0,0.9767742382481386,89.6001205444336,183.92823791503906,1150
2026,oc,hgb,KSSL.SSL,20081,C2,0.9282907857997607,0.9282907857997607,1.613361700430932,0.0,0.9767742382481386,89.6001205444336,183.92823791503906,1150
2026,oc,hgb,KSSL.SSL,20081,C3n,0.950703031511767,0.950703031511767,1.028678603824892,0.0,0.9767742382481386,89.6001205444336,183.92823791503906,1150
2026,oc,plsr,ICRAF.ISRIC,3698,C0,0.6751429349305744,0.6751429349305744,0.7703313309539608,0.0,0.9723398378283397,75.65958404541016,238.96807861328125,4426
2026,oc,plsr,ICRAF.ISRIC,3698,C0w,0.8959705962428532,0.8959705962428532,1.3812856499310517,0.0,0.9723398378283397,75.65958404541016,238.96807861328125,4426
2026,oc,plsr,ICRAF.ISRIC,3698,C1,0.8959705962428532,0.8959705962428532,1.3812856499310517,0.0,0.9723398378283397,75.65958404541016,238.96807861328125,4426
2026,oc,plsr,ICRAF.ISRIC,3698,C1c,0.7543969507214809,0.7543969507214809,0.9248123301082796,0.0,0.9723398378283397,75.65958404541016,238.96807861328125,4426
2026,oc,plsr,ICRAF.ISRIC,3698,C2,0.9234957800163354,0.9234957800163354,1.6100025655093833,0.0,0.9723398378283397,75.65958404541016,238.96807861328125,4426
2026,oc,plsr,ICRAF.ISRIC,3698,C3n,0.9310917506125783,0.9310917506125783,3.1199922936777646,0.0,0.9723398378283397,75.65958404541016,238.96807861328125,4426
2026,oc,hgb,ICRAF.ISRIC,3698,C0,0.620800435611217,0.620800435611217,0.8760337415328254,0.0,0.9723398378283397,75.65958404541016,238.96807861328125,4426
2026,oc,hgb,ICRAF.ISRIC,3698,C0w,0.824258099646066,0.824258099646066,1.420593029337384,0.0,0.9723398378283397,75.65958404541016,238.96807861328125,4426
2026,oc,hgb,ICRAF.ISRIC,3698,C1,0.8058535257282875,0.8058535257282875,1.420593029337384,0.0,0.9723398378283397,75.65958404541016,238.96807861328125,4426
2026,oc,hgb,ICRAF.ISRIC,3698,C1c,0.6936291859515383,0.6936291859515383,1.0173571657293987,0.0,0.9723398378283397,75.65958404541016,238.96807861328125,4426
2026,oc,hgb,ICRAF.ISRIC,3698,C2,0.9279063435883472,0.9279063435883472,2.6275204941479546,0.0,0.9723398378283397,75.65958404541016,238.96807861328125,4426
2026,oc,hgb,ICRAF.ISRIC,3698,C3n,0.9112169888374627,0.9112169888374627,2.1047609263628466,0.0,0.9723398378283397,75.65958404541016,238.96807861328125,4426
2026,oc,plsr,AFSIS1.SSL,1902,C0,0.7931273308470964,0.7931273308470964,1.0040434392788333,0.0,0.9555791229501751,82.68462371826172,237.04078674316406,4786
2026,oc,plsr,AFSIS1.SSL,1902,C0w,0.9133724027703781,0.9133724027703781,1.4908685653768006,0.0,0.9555791229501751,82.68462371826172,237.04078674316406,4786
2026,oc,plsr,AFSIS1.SSL,1902,C1,0.9139051678209908,0.9139051678209908,1.4908685653768006,0.0,0.9555791229501751,82.68462371826172,237.04078674316406,4786
2026,oc,plsr,AFSIS1.SSL,1902,C1c,0.8710708577517317,0.8710708577517317,1.2723035859374772,0.0,0.9555791229501751,82.68462371826172,237.04078674316406,4786
2026,oc,plsr,AFSIS1.SSL,1902,C2,0.9039957378795952,0.9039957378795952,1.4652343706139797,0.0,0.9555791229501751,82.68462371826172,237.04078674316406,4786
2026,oc,plsr,AFSIS1.SSL,1902,C3n,0.9207778369738945,0.9207778369738945,1.3839512162137935,0.0,0.9555791229501751,82.68462371826172,237.04078674316406,4786
2026,oc,hgb,AFSIS1.SSL,1902,C0,0.8764517847629196,0.8764517847629196,1.1866276317130153,0.0,0.9555791229501751,82.68462371826172,237.04078674316406,4786
2026,oc,hgb,AFSIS1.SSL,1902,C0w,0.9166755460841769,0.9166755460841769,1.4525153504629051,0.0,0.9555791229501751,82.68462371826172,237.04078674316406,4786
2026,oc,hgb,AFSIS1.SSL,1902,C1,0.9186467767714437,0.9186467767714437,1.4525153504629051,0.0,0.9555791229501751,82.68462371826172,237.04078674316406,4786
2026,oc,hgb,AFSIS1.SSL,1902,C1c,0.8984549813532233,0.8984549813532233,1.3020228515194667,0.0,0.9555791229501751,82.68462371826172,237.04078674316406,4786
2026,oc,hgb,AFSIS1.SSL,1902,C2,0.9265316995205113,0.9265316995205113,1.6693971460235828,0.0,0.9555791229501751,82.68462371826172,237.04078674316406,4786
2026,oc,hgb,AFSIS1.SSL,1902,C3n,0.9368673415023974,0.9368673415023974,1.5760977543965313,0.0,0.9555791229501751,82.68462371826172,237.04078674316406,4786
2026,oc,plsr,AFSIS2.SSL,151,C0,0.6333333333333332,0.6333333333333332,1.3687405969182735,0.0,0.9815095624187657,10.439987182617188,142.36929321289062,5136
2026,oc,plsr,AFSIS2.SSL,151,C0w,0.6555555555555556,0.6555555555555556,1.4132738979408022,0.0,0.9815095624187657,10.439987182617188,142.36929321289062,5136
2026,oc,plsr,AFSIS2.SSL,151,C1,0.819047619047619,0.6855827706876633,1.4132738979408022,0.4246031746031746,0.9815095624187657,10.439987182617188,142.36929321289062,5136
2026,oc,plsr,AFSIS2.SSL,151,C1c,0.8015873015873016,0.8015873015873016,1.6789966523412598,0.0,0.9815095624187657,10.439987182617188,142.36929321289062,5136
2026,oc,plsr,AFSIS2.SSL,151,C2,0.9388888888888889,0.9388888888888889,2.345108675396842,0.0,0.9815095624187657,10.439987182617188,142.36929321289062,5136
2026,oc,plsr,AFSIS2.SSL,151,C3n,0.926984126984127,0.926984126984127,1.9481955283285382,0.0,0.9815095624187657,10.439987182617188,142.36929321289062,5136
2026,oc,hgb,AFSIS2.SSL,151,C0,0.8587301587301589,0.8587301587301589,1.6757519351406862,0.0,0.9815095624187657,10.439987182617188,142.36929321289062,5136
2026,oc,hgb,AFSIS2.SSL,151,C0w,0.7484126984126984,0.7484126984126984,1.312339634885158,0.0,0.9815095624187657,10.439987182617188,142.36929321289062,5136
2026,oc,hgb,AFSIS2.SSL,151,C1,0.8198412698412698,0.6897618988851866,1.312339634885158,0.419047619047619,0.9815095624187657,10.439987182617188,142.36929321289062,5136
2026,oc,hgb,AFSIS2.SSL,151,C1c,0.8642857142857144,0.8642857142857144,1.8518718693277871,0.0,0.9815095624187657,10.439987182617188,142.36929321289062,5136
2026,oc,hgb,AFSIS2.SSL,151,C2,0.9047619047619048,0.9047619047619048,1.894861859727481,0.0,0.9815095624187657,10.439987182617188,142.36929321289062,5136
2026,oc,hgb,AFSIS2.SSL,151,C3n,0.8714285714285716,0.8714285714285716,1.8721302429198132,0.0,0.9815095624187657,10.439987182617188,142.36929321289062,5136
2026,n.tot,plsr,KSSL.SSL,76594,C0,0.3734931891496559,0.3734931891496559,0.3163709790226134,0.0,0.9601645040852642,148.42620849609375,254.2093963623047,772
2026,n.tot,plsr,KSSL.SSL,76594,C0w,0.5338701040891223,0.5338701040891223,0.4570429833433867,0.0,0.9601645040852642,148.42620849609375,254.2093963623047,772
2026,n.tot,plsr,KSSL.SSL,76594,C1,0.5329297757578132,0.5329297757578132,0.4570429833433867,0.0,0.9601645040852642,148.42620849609375,254.2093963623047,772
2026,n.tot,plsr,KSSL.SSL,76594,C1c,0.4497916911543836,0.4497916911543836,0.37944759338221246,0.0,0.9601645040852642,148.42620849609375,254.2093963623047,772
2026,n.tot,plsr,KSSL.SSL,76594,C2,0.9195653593490839,0.9195653593490839,2.1726751072904156,0.0,0.9601645040852642,148.42620849609375,254.2093963623047,772
2026,n.tot,plsr,KSSL.SSL,76594,C3n,0.9230994266609203,0.9230994266609203,1.1773363116186493,0.0,0.9601645040852642,148.42620849609375,254.2093963623047,772
2026,n.tot,hgb,KSSL.SSL,76594,C0,0.4775614151941386,0.4775614151941386,0.2956858130692714,0.0,0.9601645040852642,148.42620849609375,254.2093963623047,772
2026,n.tot,hgb,KSSL.SSL,76594,C0w,0.7256134989356006,0.7256134989356006,0.6468916600593335,0.0,0.9601645040852642,148.42620849609375,254.2093963623047,772
2026,n.tot,hgb,KSSL.SSL,76594,C1,0.7255351382413249,0.7255351382413249,0.6468916600593335,0.0,0.9601645040852642,148.42620849609375,254.2093963623047,772
2026,n.tot,hgb,KSSL.SSL,76594,C1c,0.568240410610038,0.568240410610038,0.3871435411341429,0.0,0.9601645040852642,148.42620849609375,254.2093963623047,772
2026,n.tot,hgb,KSSL.SSL,76594,C2,0.9116130548916663,0.9116130548916663,2.092367760892666,0.0,0.9601645040852642,148.42620849609375,254.2093963623047,772
2026,n.tot,hgb,KSSL.SSL,76594,C3n,0.9260862751243975,0.9260862751243975,1.284970360484298,0.0,0.9601645040852642,148.42620849609375,254.2093963623047,772
2026,n.tot,plsr,AFSIS1.SSL,1902,C0,0.8427277570591368,0.8427277570591368,3.1167239543990837,0.0,0.9769955375459918,75.45966339111328,308.21673583984375,15710
2026,n.tot,plsr,AFSIS1.SSL,1902,C0w,0.9170484816196058,0.9170484816196058,4.076076795392797,0.0,0.9769955375459918,75.45966339111328,308.21673583984375,15710
2026,n.tot,plsr,AFSIS1.SSL,1902,C1,0.9218433670751198,0.9218433670751198,4.076076795392797,0.0,0.9769955375459918,75.45966339111328,308.21673583984375,15710
2026,n.tot,plsr,AFSIS1.SSL,1902,C1c,0.8911028236547681,0.8911028236547681,3.6255761990985005,0.0,0.9769955375459918,75.45966339111328,308.21673583984375,15710
2026,n.tot,plsr,AFSIS1.SSL,1902,C2,0.9472029834842836,0.9472029834842836,4.773159029255875,0.0,0.9769955375459918,75.45966339111328,308.21673583984375,15710
2026,n.tot,plsr,AFSIS1.SSL,1902,C3n,0.9481086840703249,0.9481086840703249,2.635571825066204,0.0,0.9769955375459918,75.45966339111328,308.21673583984375,15710
2026,n.tot,hgb,AFSIS1.SSL,1902,C0,0.9573787959509856,0.9573787959509856,2.5557197252137978,0.0,0.9769955375459918,75.45966339111328,308.21673583984375,15710
2026,n.tot,hgb,AFSIS1.SSL,1902,C0w,0.8950452850293018,0.8950452850293018,1.7754236933848055,0.0,0.9769955375459918,75.45966339111328,308.21673583984375,15710
2026,n.tot,hgb,AFSIS1.SSL,1902,C1,0.902184336707512,0.902184336707512,1.7754236933848055,0.0,0.9769955375459918,75.45966339111328,308.21673583984375,15710
2026,n.tot,hgb,AFSIS1.SSL,1902,C1c,0.9242940863079383,0.9242940863079383,2.061351376858825,0.0,0.9769955375459918,75.45966339111328,308.21673583984375,15710
2026,n.tot,hgb,AFSIS1.SSL,1902,C2,0.9361214704315397,0.9361214704315397,2.264491899121626,0.0,0.9769955375459918,75.45966339111328,308.21673583984375,15710
2026,n.tot,hgb,AFSIS1.SSL,1902,C3n,0.9400639318060735,0.9400639318060735,1.7164258482476145,0.0,0.9769955375459918,75.45966339111328,308.21673583984375,15710
2026,n.tot,plsr,CAF.SSL,1578,C0,0.6386349001931746,0.6386349001931746,1.9924794363290896,0.0,0.9984011336543078,22.521808624267578,330.09423828125,15775
2026,n.tot,plsr,CAF.SSL,1578,C0w,0.8369607211848036,0.8369607211848036,2.9410631016078597,0.0,0.9984011336543078,22.521808624267578,330.09423828125,15775
2026,n.tot,plsr,CAF.SSL,1578,C1,0.8050869285254345,0.8050869285254345,2.9410631016078597,0.0,0.9984011336543078,22.521808624267578,330.09423828125,15775
2026,n.tot,plsr,CAF.SSL,1578,C1c,0.6934964584674823,0.6934964584674823,2.169772663906543,0.0,0.9984011336543078,22.521808624267578,330.09423828125,15775
2026,n.tot,plsr,CAF.SSL,1578,C2,0.9432710882163553,0.9432710882163553,4.914295889774467,0.0,0.9984011336543078,22.521808624267578,330.09423828125,15775
2026,n.tot,plsr,CAF.SSL,1578,C3n,0.924404378622022,0.924404378622022,2.3706615083891887,0.0,0.9984011336543078,22.521808624267578,330.09423828125,15775
2026,n.tot,hgb,CAF.SSL,1578,C0,0.8533161622665808,0.8533161622665808,1.6371024943972856,0.0,0.9984011336543078,22.521808624267578,330.09423828125,15775
2026,n.tot,hgb,CAF.SSL,1578,C0w,0.949903412749517,0.949903412749517,2.7678830620060357,0.0,0.9984011336543078,22.521808624267578,330.09423828125,15775
2026,n.tot,hgb,CAF.SSL,1578,C1,0.9039922730199613,0.9039922730199613,2.7678830620060357,0.0,0.9984011336543078,22.521808624267578,330.09423828125,15775
2026,n.tot,hgb,CAF.SSL,1578,C1c,0.8843528654217643,0.8843528654217643,1.88207826223183,0.0,0.9984011336543078,22.521808624267578,330.09423828125,15775
2026,n.tot,hgb,CAF.SSL,1578,C2,0.8983258209916289,0.8983258209916289,1.896224797926361,0.0,0.9984011336543078,22.521808624267578,330.09423828125,15775
2026,n.tot,hgb,CAF.SSL,1578,C3n,0.9065035415325177,0.9065035415325177,1.7534623703304595,0.0,0.9984011336543078,22.521808624267578,330.09423828125,15775
2026,n.tot,plsr,GARRETT.SSL,184,C0,0.8213836477987423,0.8213836477987423,1.9184520230068873,0.0,0.9644687630334577,227.9930877685547,2158.830810546875,16054
2026,n.tot,plsr,GARRETT.SSL,184,C0w,0.9044025157232705,0.9044025157232705,2.6266364247198033,0.0,0.9644687630334577,227.9930877685547,2158.830810546875,16054
2026,n.tot,plsr,GARRETT.SSL,184,C1,0.909433962264151,0.909433962264151,2.6266364247198033,0.0,0.9644687630334577,227.9930877685547,2158.830810546875,16054
2026,n.tot,plsr,GARRETT.SSL,184,C1c,0.8433962264150944,0.8433962264150944,2.064952926006508,0.0,0.9644687630334577,227.9930877685547,2158.830810546875,16054
2026,n.tot,plsr,GARRETT.SSL,184,C2,0.9421383647798741,0.9421383647798741,3.5226213144469884,0.0,0.9644687630334577,227.9930877685547,2158.830810546875,16054
2026,n.tot,plsr,GARRETT.SSL,184,C3n,0.9433962264150942,0.9433962264150942,2.4984862666529404,0.0,0.9644687630334577,227.9930877685547,2158.830810546875,16054
2026,n.tot,hgb,GARRETT.SSL,184,C0,0.789308176100629,0.789308176100629,1.5187469301098884,0.0,0.9644687630334577,227.9930877685547,2158.830810546875,16054
2026,n.tot,hgb,GARRETT.SSL,184,C0w,0.8169811320754718,0.8169811320754718,1.5759443426681756,0.0,0.9644687630334577,227.9930877685547,2158.830810546875,16054
2026,n.tot,hgb,GARRETT.SSL,184,C1,0.8226415094339623,0.8226415094339623,1.5759443426681756,0.0,0.9644687630334577,227.9930877685547,2158.830810546875,16054
2026,n.tot,hgb,GARRETT.SSL,184,C1c,0.8006289308176102,0.8006289308176102,1.5165029408874606,0.0,0.9644687630334577,227.9930877685547,2158.830810546875,16054
2026,n.tot,hgb,GARRETT.SSL,184,C2,0.9257861635220126,0.9257861635220126,2.8647876453655083,0.0,0.9644687630334577,227.9930877685547,2158.830810546875,16054
2026,n.tot,hgb,GARRETT.SSL,184,C3n,0.8685534591194968,0.8685534591194968,1.4777582397418114,0.0,0.9644687630334577,227.9930877685547,2158.830810546875,16054
2026,n.tot,plsr,AFSIS2.SSL,151,C0,0.9134920634920636,0.9134920634920636,3.8275864289016774,0.0,0.9780648726217083,10.34672737121582,1676.952392578125,16060
2026,n.tot,plsr,AFSIS2.SSL,151,C0w,1.0,1.0,7.423365398344078,0.0,0.9780648726217083,10.34672737121582,1676.952392578125,16060
2026,n.tot,plsr,AFSIS2.SSL,151,C1,1.0,1.0,7.423365398344078,0.2690476190476191,0.9780648726217083,10.34672737121582,1676.952392578125,16060
2026,n.tot,plsr,AFSIS2.SSL,151,C1c,0.9396825396825397,0.9396825396825397,4.28630805752923,0.0,0.9780648726217083,10.34672737121582,1676.952392578125,16060
2026,n.tot,plsr,AFSIS2.SSL,151,C2,0.930952380952381,0.930952380952381,4.353134498424172,0.0,0.9780648726217083,10.34672737121582,1676.952392578125,16060
2026,n.tot,plsr,AFSIS2.SSL,151,C3n,0.9253968253968254,0.9253968253968254,3.1021544934338072,0.0,0.9780648726217083,10.34672737121582,1676.952392578125,16060
2026,n.tot,hgb,AFSIS2.SSL,151,C0,0.946031746031746,0.946031746031746,3.1152332499610567,0.0,0.9780648726217083,10.34672737121582,1676.952392578125,16060
2026,n.tot,hgb,AFSIS2.SSL,151,C0w,1.0,1.0,6.171455615456504,0.0,0.9780648726217083,10.34672737121582,1676.952392578125,16060
2026,n.tot,hgb,AFSIS2.SSL,151,C1,1.0,1.0,6.171455615456504,0.26190476190476186,0.9780648726217083,10.34672737121582,1676.952392578125,16060
2026,n.tot,hgb,AFSIS2.SSL,151,C1c,0.965079365079365,0.965079365079365,3.524638912814457,0.0,0.9780648726217083,10.34672737121582,1676.952392578125,16060
2026,n.tot,hgb,AFSIS2.SSL,151,C2,0.9666666666666666,0.9666666666666666,4.162456933047409,0.0,0.9780648726217083,10.34672737121582,1676.952392578125,16060
2026,n.tot,hgb,AFSIS2.SSL,151,C3n,0.9547619047619047,0.9547619047619047,2.830785325976601,0.0,0.9780648726217083,10.34672737121582,1676.952392578125,16060
2026,ph.h2o,plsr,KSSL.SSL,52867,C0,0.8304398016729116,0.8304398016729116,1.3831569876201346,0.0,0.963518341479967,215.84767150878906,402.8351745605469,1308
2026,ph.h2o,plsr,KSSL.SSL,52867,C0w,0.8968547746111046,0.8968547746111046,1.6938221788271979,0.0,0.963518341479967,215.84767150878906,402.8351745605469,1308
2026,ph.h2o,plsr,KSSL.SSL,52867,C1,0.8968547746111046,0.8968547746111046,1.6938221788271979,0.0,0.963518341479967,215.84767150878906,402.8351745605469,1308
2026,ph.h2o,plsr,KSSL.SSL,52867,C1c,0.8579822868173045,0.8579822868173045,1.4949430643361903,0.0,0.963518341479967,215.84767150878906,402.8351745605469,1308
2026,ph.h2o,plsr,KSSL.SSL,52867,C2,0.9153684569092768,0.9153684569092768,1.825272369609709,0.0,0.963518341479967,215.84767150878906,402.8351745605469,1308
2026,ph.h2o,plsr,KSSL.SSL,52867,C3n,0.921236894894213,0.921236894894213,2.4681233117998715,0.0,0.963518341479967,215.84767150878906,402.8351745605469,1308
2026,ph.h2o,hgb,KSSL.SSL,52867,C0,0.7658813065364672,0.7658813065364672,1.2065840129705596,0.0,0.963518341479967,215.84767150878906,402.8351745605469,1308
2026,ph.h2o,hgb,KSSL.SSL,52867,C0w,0.8394212936679157,0.8394212936679157,1.4571126059749708,0.0,0.963518341479967,215.84767150878906,402.8351745605469,1308
2026,ph.h2o,hgb,KSSL.SSL,52867,C1,0.8393077476249953,0.8393077476249953,1.4571126059749708,0.0,0.963518341479967,215.84767150878906,402.8351745605469,1308
2026,ph.h2o,hgb,KSSL.SSL,52867,C1c,0.7889954960069642,0.7889954960069642,1.280526757113805,0.0,0.963518341479967,215.84767150878906,402.8351745605469,1308
2026,ph.h2o,hgb,KSSL.SSL,52867,C2,0.9320616176526249,0.9320616176526249,2.030752687132777,0.0,0.963518341479967,215.84767150878906,402.8351745605469,1308
2026,ph.h2o,hgb,KSSL.SSL,52867,C3n,0.921577533022974,0.921577533022974,2.5501563742661473,0.0,0.963518341479967,215.84767150878906,402.8351745605469,1308
2026,ph.h2o,plsr,ICRAF.ISRIC,3774,C0,0.7793278207522005,0.7793278207522005,1.2973158068623245,0.0,0.9843753646742934,82.06275939941406,293.5628662109375,11126
2026,ph.h2o,plsr,ICRAF.ISRIC,3774,C0w,0.8887703387570018,0.8887703387570018,1.8161139232404493,0.0,0.9843753646742934,82.06275939941406,293.5628662109375,11126
2026,ph.h2o,plsr,ICRAF.ISRIC,3774,C1,0.8903440917578023,0.8903440917578023,1.8161139232404493,0.0,0.9843753646742934,82.06275939941406,293.5628662109375,11126
2026,ph.h2o,plsr,ICRAF.ISRIC,3774,C1c,0.8521205654841291,0.8521205654841291,1.6038294848614891,0.0,0.9843753646742934,82.06275939941406,293.5628662109375,11126
2026,ph.h2o,plsr,ICRAF.ISRIC,3774,C2,0.9406775140037343,0.9406775140037343,2.32475679486153,0.0,0.9843753646742934,82.06275939941406,293.5628662109375,11126
2026,ph.h2o,plsr,ICRAF.ISRIC,3774,C3n,0.9252333955721526,0.9252333955721526,2.1126375259216132,0.0,0.9843753646742934,82.06275939941406,293.5628662109375,11126
2026,ph.h2o,hgb,ICRAF.ISRIC,3774,C0,0.7347292611363031,0.7347292611363031,1.1002126139931814,0.0,0.9843753646742934,82.06275939941406,293.5628662109375,11126
2026,ph.h2o,hgb,ICRAF.ISRIC,3774,C0w,0.7426780474793279,0.7426780474793279,1.1222934425479052,0.0,0.9843753646742934,82.06275939941406,293.5628662109375,11126
2026,ph.h2o,hgb,ICRAF.ISRIC,3774,C1,0.7434782608695653,0.7434782608695653,1.1222934425479052,0.0,0.9843753646742934,82.06275939941406,293.5628662109375,11126
2026,ph.h2o,hgb,ICRAF.ISRIC,3774,C1c,0.7445452120565484,0.7445452120565484,1.1282547461723746,0.0,0.9843753646742934,82.06275939941406,293.5628662109375,11126
2026,ph.h2o,hgb,ICRAF.ISRIC,3774,C2,0.9482795412109896,0.9482795412109896,2.4017769574874857,0.0,0.9843753646742934,82.06275939941406,293.5628662109375,11126
2026,ph.h2o,hgb,ICRAF.ISRIC,3774,C3n,0.9354494531875167,0.9354494531875167,2.3077934971352887,0.0,0.9843753646742934,82.06275939941406,293.5628662109375,11126
2026,ph.h2o,plsr,AFSIS1.SSL,1904,C0,0.8910058541777539,0.8910058541777539,1.759248573473419,0.0,0.9586121894409938,102.17989349365234,331.3978576660156,11500
2026,ph.h2o,plsr,AFSIS1.SSL,1904,C0w,0.959073975518893,0.959073975518893,2.256963090843607,0.0,0.9586121894409938,102.17989349365234,331.3978576660156,11500
2026,ph.h2o,plsr,AFSIS1.SSL,1904,C1,0.959073975518893,0.959073975518893,2.256963090843607,0.0,0.9586121894409938,102.17989349365234,331.3978576660156,11500
2026,ph.h2o,plsr,AFSIS1.SSL,1904,C1c,0.9532730175625332,0.9532730175625332,2.1965149756777205,0.0,0.9586121894409938,102.17989349365234,331.3978576660156,11500
2026,ph.h2o,plsr,AFSIS1.SSL,1904,C2,0.9473124002128792,0.9473124002128792,2.0975639906274033,0.0,0.9586121894409938,102.17989349365234,331.3978576660156,11500
2026,ph.h2o,plsr,AFSIS1.SSL,1904,C3n,0.9171899946780202,0.9171899946780202,1.9460552364743489,0.0,0.9586121894409938,102.17989349365234,331.3978576660156,11500
2026,ph.h2o,hgb,AFSIS1.SSL,1904,C0,0.8605641298563065,0.8605641298563065,1.5124112166682686,0.0,0.9586121894409938,102.17989349365234,331.3978576660156,11500
2026,ph.h2o,hgb,AFSIS1.SSL,1904,C0w,0.8879723257051623,0.8879723257051623,1.675378103280454,0.0,0.9586121894409938,102.17989349365234,331.3978576660156,11500
2026,ph.h2o,hgb,AFSIS1.SSL,1904,C1,0.8879723257051623,0.8879723257051623,1.675378103280454,0.0,0.9586121894409938,102.17989349365234,331.3978576660156,11500
2026,ph.h2o,hgb,AFSIS1.SSL,1904,C1c,0.8810537519957423,0.8810537519957423,1.63060423999144,0.0,0.9586121894409938,102.17989349365234,331.3978576660156,11500
2026,ph.h2o,hgb,AFSIS1.SSL,1904,C2,0.9333155934007451,0.9333155934007451,2.016350331466581,0.0,0.9586121894409938,102.17989349365234,331.3978576660156,11500
2026,ph.h2o,hgb,AFSIS1.SSL,1904,C3n,0.9423097392229909,0.9423097392229909,2.2488590686901384,0.0,0.9586121894409938,102.17989349365234,331.3978576660156,11500
2026,ph.h2o,plsr,CAF.SSL,483,C0,0.8213973799126638,0.8213973799126638,1.9954521804195968,0.0,0.997377970206363,18.955406188964844,281.8631591796875,11785
2026,ph.h2o,plsr,CAF.SSL,483,C0w,0.7530567685589519,0.7530567685589519,1.630483082148764,0.0,0.997377970206363,18.955406188964844,281.8631591796875,11785
2026,ph.h2o,plsr,CAF.SSL,483,C1,0.8410480349344978,0.7286392523473942,1.630483082148764,0.4141921397379913,0.997377970206363,18.955406188964844,281.8631591796875,11785
2026,ph.h2o,plsr,CAF.SSL,483,C1c,0.8052401746724891,0.8052401746724891,1.9583631590481894,0.0,0.997377970206363,18.955406188964844,281.8631591796875,11785
2026,ph.h2o,plsr,CAF.SSL,483,C2,0.9017467248908296,0.9017467248908296,2.4810666648876634,0.0,0.997377970206363,18.955406188964844,281.8631591796875,11785
2026,ph.h2o,plsr,CAF.SSL,483,C3n,0.9010917030567687,0.9010917030567687,2.5205551482767925,0.0,0.997377970206363,18.955406188964844,281.8631591796875,11785
2026,ph.h2o,hgb,CAF.SSL,483,C0,0.8257641921397381,0.8257641921397381,1.752748044668102,0.0,0.997377970206363,18.955406188964844,281.8631591796875,11785
2026,ph.h2o,hgb,CAF.SSL,483,C0w,0.9041484716157205,0.9041484716157205,2.7479895811260593,0.0,0.997377970206363,18.955406188964844,281.8631591796875,11785
2026,ph.h2o,hgb,CAF.SSL,483,C1,0.9148471615720524,0.8544090431748316,2.7479895811260593,0.4150655021834061,0.997377970206363,18.955406188964844,281.8631591796875,11785
2026,ph.h2o,hgb,CAF.SSL,483,C1c,0.8353711790393014,0.8353711790393014,1.9618185041792218,0.0,0.997377970206363,18.955406188964844,281.8631591796875,11785
2026,ph.h2o,hgb,CAF.SSL,483,C2,0.9161572052401746,0.9161572052401746,3.127234926882877,0.0,0.997377970206363,18.955406188964844,281.8631591796875,11785
2026,ph.h2o,hgb,CAF.SSL,483,C3n,0.8951965065502183,0.8951965065502183,2.796438735479862,0.0,0.997377970206363,18.955406188964844,281.8631591796875,11785
2026,ph.h2o,plsr,GARRETT.SSL,184,C0,0.8603773584905661,0.8603773584905661,2.7883537835600465,0.0,0.970325738220049,87.08946990966797,642.717529296875,11844
2026,ph.h2o,plsr,GARRETT.SSL,184,C0w,0.830817610062893,0.830817610062893,2.6285628084753756,0.0,0.970325738220049,87.08946990966797,642.717529296875,11844
2026,ph.h2o,plsr,GARRETT.SSL,184,C1,0.8264150943396228,0.8255473290343126,2.6285628084753756,0.005031446540880504,0.970325738220049,87.08946990966797,642.717529296875,11844
2026,ph.h2o,plsr,GARRETT.SSL,184,C1c,0.8540880503144654,0.8540880503144654,2.768145748963147,0.0,0.970325738220049,87.08946990966797,642.717529296875,11844
2026,ph.h2o,plsr,GARRETT.SSL,184,C2,0.9352201257861636,0.9352201257861636,3.3627742959936766,0.0,0.970325738220049,87.08946990966797,642.717529296875,11844
2026,ph.h2o,plsr,GARRETT.SSL,184,C3n,0.9050314465408805,0.9050314465408805,1.5790445459214968,0.0,0.970325738220049,87.08946990966797,642.717529296875,11844
2026,ph.h2o,hgb,GARRETT.SSL,184,C0,0.739622641509434,0.739622641509434,2.415838604109688,0.0,0.970325738220049,87.08946990966797,642.717529296875,11844
2026,ph.h2o,hgb,GARRETT.SSL,184,C0w,0.6911949685534591,0.6911949685534591,2.2443149153211452,0.0,0.970325738220049,87.08946990966797,642.717529296875,11844
2026,ph.h2o,hgb,GARRETT.SSL,184,C1,0.710062893081761,0.7084268768410158,2.2443149153211452,0.0056603773584905665,0.970325738220049,87.08946990966797,642.717529296875,11844
2026,ph.h2o,hgb,GARRETT.SSL,184,C1c,0.7339622641509433,0.7339622641509433,2.388655395134587,0.0,0.970325738220049,87.08946990966797,642.717529296875,11844
2026,ph.h2o,hgb,GARRETT.SSL,184,C2,0.9245283018867925,0.9245283018867925,3.6749626755898364,0.0,0.970325738220049,87.08946990966797,642.717529296875,11844
2026,ph.h2o,hgb,GARRETT.SSL,184,C3n,0.9056603773584906,0.9056603773584906,1.7985070047588043,0.0,0.970325738220049,87.08946990966797,642.717529296875,11844
2026,ph.h2o,plsr,AFSIS2.SSL,151,C0,0.8007936507936508,0.8007936507936508,2.3999108097154047,0.0,0.98063873672046,15.692145347595215,1057.76318359375,11851
2026,ph.h2o,plsr,AFSIS2.SSL,151,C0w,0.784920634920635,0.784920634920635,2.356595809258603,0.0,0.98063873672046,15.692145347595215,1057.76318359375,11851
2026,ph.h2o,plsr,AFSIS2.SSL,151,C1,0.9476190476190476,0.918436270619271,2.356595809258603,0.3579365079365079,0.98063873672046,15.692145347595215,1057.76318359375,11851
2026,ph.h2o,plsr,AFSIS2.SSL,151,C1c,0.8555555555555555,0.8555555555555555,2.4641232775193775,0.0,0.98063873672046,15.692145347595215,1057.76318359375,11851
2026,ph.h2o,plsr,AFSIS2.SSL,151,C2,0.9341269841269841,0.9341269841269841,4.132483274982023,0.0,0.98063873672046,15.692145347595215,1057.76318359375,11851
2026,ph.h2o,plsr,AFSIS2.SSL,151,C3n,0.9317460317460318,0.9317460317460318,3.692110124823377,0.0,0.98063873672046,15.692145347595215,1057.76318359375,11851
2026,ph.h2o,hgb,AFSIS2.SSL,151,C0,0.8349206349206348,0.8349206349206348,2.0642520860416105,0.0,0.98063873672046,15.692145347595215,1057.76318359375,11851
2026,ph.h2o,hgb,AFSIS2.SSL,151,C0w,0.8198412698412698,0.8198412698412698,2.0238013099269865,0.0,0.98063873672046,15.692145347595215,1057.76318359375,11851
2026,ph.h2o,hgb,AFSIS2.SSL,151,C1,0.9079365079365079,0.8564976247085061,2.0238013099269865,0.3587301587301588,0.98063873672046,15.692145347595215,1057.76318359375,11851
2026,ph.h2o,hgb,AFSIS2.SSL,151,C1c,0.8396825396825396,0.8396825396825396,2.1395229164413223,0.0,0.98063873672046,15.692145347595215,1057.76318359375,11851
2026,ph.h2o,hgb,AFSIS2.SSL,151,C2,0.9206349206349207,0.9206349206349207,3.0311507866093215,0.0,0.98063873672046,15.692145347595215,1057.76318359375,11851
2026,ph.h2o,hgb,AFSIS2.SSL,151,C3n,0.9015873015873017,0.9015873015873017,2.7592335263756285,0.0,0.98063873672046,15.692145347595215,1057.76318359375,11851
